StartDate,EndDate,Status,IPAddress,Progress,Duration (in seconds),Finished,RecordedDate,ResponseId,RecipientLastName,RecipientFirstName,RecipientEmail,ExternalReference,LocationLatitude,LocationLongitude,DistributionChannel,UserLanguage,Q3_1,Q3_2,Q3_3,Q3_4,Q3_5,Q3_6,Q3_7,Q3_8,Q3_9,Q3_10,Q4_1,Q4_2,Q4_3,Q4_4,Q4_5,Q4_6,Q4_7,Q4_8,Q4_9,Q4_10,Q4_11,Q4_12,Q4_13,Q4_14,Q4_15,Q4_16,Q4_17,Q4_18,Q4_19,Q4_20,Q4_21,Q4_22,Q4_23,Q4_24,Q6_1,Q6_2,Q6_3,Q6_4,Q6_5,Q6_6,Q6_7,Q6_8,Q6_9,Q6_10,Q6_11,Q6_12,Q6_13,Q6_14,Q6_15,Q6_16,Q6_17,Q6_18,Q6_19,Q6_20,Q6_21,Q6_22,Q6_23,Q6_24,Q7_1,Q7_2,Q7_3,Q7_4,Q7_5,Q7_6,Q7_7,Q7_8,Q7_9,Q7_10,Q7_11,Q7_12,Q7_13,Q7_14,Q7_15,Q7_16,Q7_17,Q7_18,Q7_19,Q7_20,Q7_21,Q7_22,Q7_23,Q7_24,Q8_1,Q8_2,Q8_3,Q8_4,Q8_5,Q8_6,Q8_7,Q8_8,Q8_9,Q8_10,Q8_11,Q8_12,Q8_13,Q8_14,Q8_15,Q8_16,Q8_17,Q8_18,Q8_19,Q8_20,Q8_21,Q8_22,Q8_23,Q8_24,Q10_1,Q10_2,Q10_3,Q10_4,Q10_5,Q10_6,Q10_7,Q10_8,Q10_9,Q10_10,Q10_11,Q10_12,Q10_13,Q10_14,Q10_15,Q10_16,Q10_17,Q10_18,Q10_19,Q10_20,Q10_21,Q10_22,Q10_23,Q10_24,Q11_1,Q11_2,Q11_3,Q11_4,Q11_5,Q11_6,Q11_7,Q11_8,Q11_9,Q11_10,Q11_11,Q11_12,Q11_13,Q11_14,Q11_15,Q11_16,Q11_17,Q11_18,Q11_19,Q11_20,Q11_21,Q11_22,Q11_23,Q11_24,Q12,Q14,Q15,Q16,Q17,Q18,Q19,Q20,Q20_1_TEXT,Q21,Q22,Q23,Q24,Q25,Q25_1_TEXT,lang_group
Start Date,End Date,Response Type,IP Address,Progress,Duration (in seconds),Finished,Recorded Date,Response ID,Recipient Last Name,Recipient First Name,Recipient Email,External Data Reference,Location Latitude,Location Longitude,Distribution Channel,User Language,Practice Questions Rate each sentence from 1 to 5. - He cannot anyhow say people.,Practice Questions Rate each sentence from 1 to 5. - She go home already.,Practice Questions Rate each sentence from 1 to 5. - I don't have ticket.,Practice Questions Rate each sentence from 1 to 5. - They got time to finish one.,Practice Questions Rate each sentence from 1 to 5. - We sit here talk.,Practice Questions Rate each sentence from 1 to 5. - Her daughter is very friendly.,Practice Questions Rate each sentence from 1 to 5. - They will wipe the table.,Practice Questions Rate each sentence from 1 to 5. - My uncle has finished eating.,Practice Questions Rate each sentence from 1 to 5. - The fuel in the tank is enough.,Practice Questions Rate each sentence from 1 to 5. - The rabbit has too much food.,Test Questions 1/3 Rate each sentence from 1 to 5. - John is a doctor.,Test Questions 1/3 Rate each sentence from 1 to 5. - Lucy is the English teacher.,Test Questions 1/3 Rate each sentence from 1 to 5. - Sally baker.,Test Questions 1/3 Rate each sentence from 1 to 5. - James the car mechanic.,Test Questions 1/3 Rate each sentence from 1 to 5. - Marcus is good.,Test Questions 1/3 Rate each sentence from 1 to 5. - Ann is clever.,Test Questions 1/3 Rate each sentence from 1 to 5. - Samuel happy.,Test Questions 1/3 Rate each sentence from 1 to 5. - Kate pretty.,Test Questions 1/3 Rate each sentence from 1 to 5. - Tom is at home.,Test Questions 1/3 Rate each sentence from 1 to 5. - Breakfast is in the morning.,Test Questions 1/3 Rate each sentence from 1 to 5. - Our flight at seven.,Test Questions 1/3 Rate each sentence from 1 to 5. - Food in the kitchen.,Test Questions 1/3 Rate each sentence from 1 to 5. - Yesterday I went there.,Test Questions 1/3 Rate each sentence from 1 to 5. - The exam last Tuesday is very hard.,Test Questions 1/3 Rate each sentence from 1 to 5. - She said that you took her book.,Test Questions 1/3 Rate each sentence from 1 to 5. - She eat the cake last night.,Test Questions 1/3 Rate each sentence from 1 to 5. - Before this he stayed at his friend's place.,Test Questions 1/3 Rate each sentence from 1 to 5. - He brush his hair when he woke up.,"Test Questions 1/3 Rate each sentence from 1 to 5. - When I was young, I wanted to be a doctor.",Test Questions 1/3 Rate each sentence from 1 to 5. - His mother paint the wall white the first time.,Test Questions 1/3 Rate each sentence from 1 to 5. - His wife brought cake for the last party.,Test Questions 1/3 Rate each sentence from 1 to 5. - Their father buy the house three years ago.,Test Questions 1/3 Rate each sentence from 1 to 5. - You become in the house.,Test Questions 1/3 Rate each sentence from 1 to 5. - He became a teacher.,Test Questions 1/3 Rate each sentence from 1 to 5. - John doctor.,Test Questions 1/3 Rate each sentence from 1 to 5. - Lucy the English teacher.,Test Questions 1/3 Rate each sentence from 1 to 5. - Sally is a baker.,Test Questions 1/3 Rate each sentence from 1 to 5. - James is the car mechanic.,Test Questions 1/3 Rate each sentence from 1 to 5. - Marcus good.,Test Questions 1/3 Rate each sentence from 1 to 5. - Ann clever.,Test Questions 1/3 Rate each sentence from 1 to 5. - Samuel is happy.,Test Questions 1/3 Rate each sentence from 1 to 5. - Kate is pretty.,Test Questions 1/3 Rate each sentence from 1 to 5. - Tom at home.,Test Questions 1/3 Rate each sentence from 1 to 5. - Breakfast in the morning.,Test Questions 1/3 Rate each sentence from 1 to 5. - Our flight is at seven.,Test Questions 1/3 Rate each sentence from 1 to 5. - Food is in the kitchen.,Test Questions 1/3 Rate each sentence from 1 to 5. - Yesterday I go there.,Test Questions 1/3 Rate each sentence from 1 to 5. - The exam last Tuesday was very hard.,Test Questions 1/3 Rate each sentence from 1 to 5. - She say that you took her book.,Test Questions 1/3 Rate each sentence from 1 to 5. - She ate the cake last night.,Test Questions 1/3 Rate each sentence from 1 to 5. - Before this he stay at his friend's place.,Test Questions 1/3 Rate each sentence from 1 to 5. - He brushed his hair when he woke up.,"Test Questions 1/3 Rate each sentence from 1 to 5. - When I was young, I want to be a doctor.",Test Questions 1/3 Rate each sentence from 1 to 5. - His mother painted the wall white the first time.,Test Questions 1/3 Rate each sentence from 1 to 5. - His wife bring cake for the last party.,Test Questions 1/3 Rate each sentence from 1 to 5. - Their father bought the house three years ago.,Test Questions 1/3 Rate each sentence from 1 to 5. - You become in the house.,Test Questions 1/3 Rate each sentence from 1 to 5. - He became a teacher.,Test Questions 2/3 Rate each sentence from 1 to 5. - My friend is a chef.,Test Questions 2/3 Rate each sentence from 1 to 5. - His cousin is the older one.,Test Questions 2/3 Rate each sentence from 1 to 5. - His wife an actress.,Test Questions 2/3 Rate each sentence from 1 to 5. - Her boss the taller one.,Test Questions 2/3 Rate each sentence from 1 to 5. - The kid is careless.,Test Questions 2/3 Rate each sentence from 1 to 5. - The camp is tiring.,Test Questions 2/3 Rate each sentence from 1 to 5. - Their uncle old.,Test Questions 2/3 Rate each sentence from 1 to 5. - The bus fast.,Test Questions 2/3 Rate each sentence from 1 to 5. - Her toy is in the box.,Test Questions 2/3 Rate each sentence from 1 to 5. - Our trip is on Tuesday.,Test Questions 2/3 Rate each sentence from 1 to 5. - The show in twenty minutes.,Test Questions 2/3 Rate each sentence from 1 to 5. - My robot on the floor.,Test Questions 2/3 Rate each sentence from 1 to 5. - In the sixties he was a policeman.,Test Questions 2/3 Rate each sentence from 1 to 5. - Just now they go to the shop.,Test Questions 2/3 Rate each sentence from 1 to 5. - My sister found a job two days ago.,Test Questions 2/3 Rate each sentence from 1 to 5. - I meet your sister at the wedding last year.,Test Questions 2/3 Rate each sentence from 1 to 5. - I tried to do it myself last week.,Test Questions 2/3 Rate each sentence from 1 to 5. - My brother walk the dog yesterday.,Test Questions 2/3 Rate each sentence from 1 to 5. - Last time Sarah hated carrots.,Test Questions 2/3 Rate each sentence from 1 to 5. - They end school last week.,Test Questions 2/3 Rate each sentence from 1 to 5. - Your friend told me what happened.,Test Questions 2/3 Rate each sentence from 1 to 5. - Her cousin teach primary school in the past.,Test Questions 2/3 Rate each sentence from 1 to 5. - She become at the office.,Test Questions 2/3 Rate each sentence from 1 to 5. - Their cousin became skinnier.,Test Questions 2/3 Rate each sentence from 1 to 5. - My friend a chef.,Test Questions 2/3 Rate each sentence from 1 to 5. - His cousin the older one.,Test Questions 2/3 Rate each sentence from 1 to 5. - His wife is an actress.,Test Questions 2/3 Rate each sentence from 1 to 5. - Her boss is the taller one.,Test Questions 2/3 Rate each sentence from 1 to 5. - The kid careless.,Test Questions 2/3 Rate each sentence from 1 to 5. - The camp tiring.,Test Questions 2/3 Rate each sentence from 1 to 5. - Their uncle is old.,Test Questions 2/3 Rate each sentence from 1 to 5. - The bus is fast.,Test Questions 2/3 Rate each sentence from 1 to 5. - Her toy in the box.,Test Questions 2/3 Rate each sentence from 1 to 5. - Our trip on Tuesday.,Test Questions 2/3 Rate each sentence from 1 to 5. - The show is in twenty minutes.,Test Questions 2/3 Rate each sentence from 1 to 5. - My robot is on the floor.,Test Questions 2/3 Rate each sentence from 1 to 5. - In the sixties he is a policeman.,Test Questions 2/3 Rate each sentence from 1 to 5. - Just now they went to the shop.,Test Questions 2/3 Rate each sentence from 1 to 5. - My sister find a job two days ago.,Test Questions 2/3 Rate each sentence from 1 to 5. - I met your sister at the wedding last year.,Test Questions 2/3 Rate each sentence from 1 to 5. - I try to do it myself last week.,Test Questions 2/3 Rate each sentence from 1 to 5. - My brother walked the dog yesterday.,Test Questions 2/3 Rate each sentence from 1 to 5. - Last time Sarah hate carrots.,Test Questions 2/3 Rate each sentence from 1 to 5. - They ended school last week.,Test Questions 2/3 Rate each sentence from 1 to 5. - Your friend tell me what happened.,Test Questions 2/3 Rate each sentence from 1 to 5. - Her cousin taught primary school in the past.,Test Questions 2/3 Rate each sentence from 1 to 5. - She become at the office.,Test Questions 2/3 Rate each sentence from 1 to 5. - Their cousin became skinnier.,Test Questions 3/3 Rate each sentence from 1 to 5. - The apple is one dollar.,Test Questions 3/3 Rate each sentence from 1 to 5. - Now is two o'clock.,Test Questions 3/3 Rate each sentence from 1 to 5. - That one eighty cents.,Test Questions 3/3 Rate each sentence from 1 to 5. - Tomorrow Saturday.,Test Questions 3/3 Rate each sentence from 1 to 5. - Their shop is far.,Test Questions 3/3 Rate each sentence from 1 to 5. - Your dog is big.,Test Questions 3/3 Rate each sentence from 1 to 5. - The supermarket open.,Test Questions 3/3 Rate each sentence from 1 to 5. - Your flat nice.,Test Questions 3/3 Rate each sentence from 1 to 5. - Your book is on the table.,Test Questions 3/3 Rate each sentence from 1 to 5. - The meeting is at noon.,Test Questions 3/3 Rate each sentence from 1 to 5. - Their wedding on a weekend.,Test Questions 3/3 Rate each sentence from 1 to 5. - Mary at work.,"Test Questions 3/3 Rate each sentence from 1 to 5. - Ten years ago, the houses were very big.",Test Questions 3/3 Rate each sentence from 1 to 5. - You thought your bags are lost.,Test Questions 3/3 Rate each sentence from 1 to 5. - Last Monday they came twice.,Test Questions 3/3 Rate each sentence from 1 to 5. - Mark dig a hole so he can plant vegetables now.,Test Questions 3/3 Rate each sentence from 1 to 5. - Henry packed for his trip this morning.,Test Questions 3/3 Rate each sentence from 1 to 5. - Jane push me first.,Test Questions 3/3 Rate each sentence from 1 to 5. - This blue shirt faded in the wash.,Test Questions 3/3 Rate each sentence from 1 to 5. - I fold the clothes just now.,Test Questions 3/3 Rate each sentence from 1 to 5. - They sold their house last month.,Test Questions 3/3 Rate each sentence from 1 to 5. - The food feel very cold before I put it in the oven.,Test Questions 3/3 Rate each sentence from 1 to 5. - The box become on the floor.,Test Questions 3/3 Rate each sentence from 1 to 5. - The sky became dark.,Test Questions 3/3 Rate each sentence from 1 to 5. - The apple one dollar.,Test Questions 3/3 Rate each sentence from 1 to 5. - Now two o'clock.,Test Questions 3/3 Rate each sentence from 1 to 5. - That one is eighty cents.,Test Questions 3/3 Rate each sentence from 1 to 5. - Tomorrow is Saturday.,Test Questions 3/3 Rate each sentence from 1 to 5. - Their shop far.,Test Questions 3/3 Rate each sentence from 1 to 5. - Your dog big.,Test Questions 3/3 Rate each sentence from 1 to 5. - The supermarket is open.,Test Questions 3/3 Rate each sentence from 1 to 5. - Your flat is nice.,Test Questions 3/3 Rate each sentence from 1 to 5. - Your book on the table.,Test Questions 3/3 Rate each sentence from 1 to 5. - The meeting at noon.,Test Questions 3/3 Rate each sentence from 1 to 5. - Their wedding is on a weekend.,Test Questions 3/3 Rate each sentence from 1 to 5. - Mary is at work.,"Test Questions 3/3 Rate each sentence from 1 to 5. - Ten years ago, the houses are very big.",Test Questions 3/3 Rate each sentence from 1 to 5. - You thought your bags were lost.,Test Questions 3/3 Rate each sentence from 1 to 5. - Last Monday they come twice.,Test Questions 3/3 Rate each sentence from 1 to 5. - Mark dug a hole so he can plant vegetables now.,Test Questions 3/3 Rate each sentence from 1 to 5. - Henry pack for his trip this morning.,Test Questions 3/3 Rate each sentence from 1 to 5. - Jane pushed me first.,Test Questions 3/3 Rate each sentence from 1 to 5. - This blue shirt fade in the wash.,Test Questions 3/3 Rate each sentence from 1 to 5. - I folded the clothes just now.,Test Questions 3/3 Rate each sentence from 1 to 5. - They sell their house last month.,Test Questions 3/3 Rate each sentence from 1 to 5. - The food felt very cold before I put it in the oven.,Test Questions 3/3 Rate each sentence from 1 to 5. - The box become on the floor.,Test Questions 3/3 Rate each sentence from 1 to 5. - The sky became dark.,Age,Gender,Which university are you attending / have you attended / are you about to attend?  (Type “NA” if you are not intending to attend university.),Which junior college / polytechnic / centralised institute (ITE) did you attend?  (Type “NA” if you have not attended any of these institutes.),What is your mother tongue?,"How would you rate your ability in your mother tongue? (1–limited comprehension, 5–fluent and can communicate easily)",How many years of formal learning have you had in your mother tongue?,"Do you speak any other languages/dialects? If so, which ones? - Selected Choice","Do you speak any other languages/dialects? If so, which ones? - Yes - Text","How would you rate your ability in these other languages/dialects? (1–limited comprehension, 5–fluent and can communicate easily)  (Enter one number for each language/dialect, or NA if not applicable.)","How many years of formal learning have you had in these other languages/dialects?  (Enter one number for each language/dialect, or NA if not applicable.)",Were you born in Singapore?,How many years have you lived / did you live in Singapore?,"Have you lived in any another countries? If so, when and for how many years? - Selected Choice","Have you lived in any another countries? If so, when and for how many years? - Yes - Text",
"{""ImportId"":""startDate"",""timeZone"":""Europe/London""}","{""ImportId"":""endDate"",""timeZone"":""Europe/London""}","{""ImportId"":""status""}","{""ImportId"":""ipAddress""}","{""ImportId"":""progress""}","{""ImportId"":""duration""}","{""ImportId"":""finished""}","{""ImportId"":""recordedDate"",""timeZone"":""Europe/London""}","{""ImportId"":""_recordId""}","{""ImportId"":""recipientLastName""}","{""ImportId"":""recipientFirstName""}","{""ImportId"":""recipientEmail""}","{""ImportId"":""externalDataReference""}","{""ImportId"":""locationLatitude""}","{""ImportId"":""locationLongitude""}","{""ImportId"":""distributionChannel""}","{""ImportId"":""userLanguage""}","{""ImportId"":""QID3_1""}","{""ImportId"":""QID3_2""}","{""ImportId"":""QID3_3""}","{""ImportId"":""QID3_4""}","{""ImportId"":""QID3_5""}","{""ImportId"":""QID3_6""}","{""ImportId"":""QID3_7""}","{""ImportId"":""QID3_8""}","{""ImportId"":""QID3_9""}","{""ImportId"":""QID3_10""}","{""ImportId"":""QID4_1""}","{""ImportId"":""QID4_2""}","{""ImportId"":""QID4_3""}","{""ImportId"":""QID4_4""}","{""ImportId"":""QID4_5""}","{""ImportId"":""QID4_6""}","{""ImportId"":""QID4_7""}","{""ImportId"":""QID4_8""}","{""ImportId"":""QID4_9""}","{""ImportId"":""QID4_10""}","{""ImportId"":""QID4_11""}","{""ImportId"":""QID4_12""}","{""ImportId"":""QID4_13""}","{""ImportId"":""QID4_14""}","{""ImportId"":""QID4_15""}","{""ImportId"":""QID4_16""}","{""ImportId"":""QID4_17""}","{""ImportId"":""QID4_18""}","{""ImportId"":""QID4_19""}","{""ImportId"":""QID4_20""}","{""ImportId"":""QID4_21""}","{""ImportId"":""QID4_22""}","{""ImportId"":""QID4_23""}","{""ImportId"":""QID4_24""}","{""ImportId"":""QID6_1""}","{""ImportId"":""QID6_2""}","{""ImportId"":""QID6_3""}","{""ImportId"":""QID6_4""}","{""ImportId"":""QID6_5""}","{""ImportId"":""QID6_6""}","{""ImportId"":""QID6_7""}","{""ImportId"":""QID6_8""}","{""ImportId"":""QID6_9""}","{""ImportId"":""QID6_10""}","{""ImportId"":""QID6_11""}","{""ImportId"":""QID6_12""}","{""ImportId"":""QID6_13""}","{""ImportId"":""QID6_14""}","{""ImportId"":""QID6_15""}","{""ImportId"":""QID6_16""}","{""ImportId"":""QID6_17""}","{""ImportId"":""QID6_18""}","{""ImportId"":""QID6_19""}","{""ImportId"":""QID6_20""}","{""ImportId"":""QID6_21""}","{""ImportId"":""QID6_22""}","{""ImportId"":""QID6_23""}","{""ImportId"":""QID6_24""}","{""ImportId"":""QID7_1""}","{""ImportId"":""QID7_2""}","{""ImportId"":""QID7_3""}","{""ImportId"":""QID7_4""}","{""ImportId"":""QID7_5""}","{""ImportId"":""QID7_6""}","{""ImportId"":""QID7_7""}","{""ImportId"":""QID7_8""}","{""ImportId"":""QID7_9""}","{""ImportId"":""QID7_10""}","{""ImportId"":""QID7_11""}","{""ImportId"":""QID7_12""}","{""ImportId"":""QID7_13""}","{""ImportId"":""QID7_14""}","{""ImportId"":""QID7_15""}","{""ImportId"":""QID7_16""}","{""ImportId"":""QID7_17""}","{""ImportId"":""QID7_18""}","{""ImportId"":""QID7_19""}","{""ImportId"":""QID7_20""}","{""ImportId"":""QID7_21""}","{""ImportId"":""QID7_22""}","{""ImportId"":""QID7_23""}","{""ImportId"":""QID7_24""}","{""ImportId"":""QID9_1""}","{""ImportId"":""QID9_2""}","{""ImportId"":""QID9_3""}","{""ImportId"":""QID9_4""}","{""ImportId"":""QID9_5""}","{""ImportId"":""QID9_6""}","{""ImportId"":""QID9_7""}","{""ImportId"":""QID9_8""}","{""ImportId"":""QID9_9""}","{""ImportId"":""QID9_10""}","{""ImportId"":""QID9_11""}","{""ImportId"":""QID9_12""}","{""ImportId"":""QID9_13""}","{""ImportId"":""QID9_14""}","{""ImportId"":""QID9_15""}","{""ImportId"":""QID9_16""}","{""ImportId"":""QID9_17""}","{""ImportId"":""QID9_18""}","{""ImportId"":""QID9_19""}","{""ImportId"":""QID9_20""}","{""ImportId"":""QID9_21""}","{""ImportId"":""QID9_22""}","{""ImportId"":""QID9_23""}","{""ImportId"":""QID9_24""}","{""ImportId"":""QID10_1""}","{""ImportId"":""QID10_2""}","{""ImportId"":""QID10_3""}","{""ImportId"":""QID10_4""}","{""ImportId"":""QID10_5""}","{""ImportId"":""QID10_6""}","{""ImportId"":""QID10_7""}","{""ImportId"":""QID10_8""}","{""ImportId"":""QID10_9""}","{""ImportId"":""QID10_10""}","{""ImportId"":""QID10_11""}","{""ImportId"":""QID10_12""}","{""ImportId"":""QID10_13""}","{""ImportId"":""QID10_14""}","{""ImportId"":""QID10_15""}","{""ImportId"":""QID10_16""}","{""ImportId"":""QID10_17""}","{""ImportId"":""QID10_18""}","{""ImportId"":""QID10_19""}","{""ImportId"":""QID10_20""}","{""ImportId"":""QID10_21""}","{""ImportId"":""QID10_22""}","{""ImportId"":""QID10_23""}","{""ImportId"":""QID10_24""}","{""ImportId"":""QID12_1""}","{""ImportId"":""QID12_2""}","{""ImportId"":""QID12_3""}","{""ImportId"":""QID12_4""}","{""ImportId"":""QID12_5""}","{""ImportId"":""QID12_6""}","{""ImportId"":""QID12_7""}","{""ImportId"":""QID12_8""}","{""ImportId"":""QID12_9""}","{""ImportId"":""QID12_10""}","{""ImportId"":""QID12_11""}","{""ImportId"":""QID12_12""}","{""ImportId"":""QID12_13""}","{""ImportId"":""QID12_14""}","{""ImportId"":""QID12_15""}","{""ImportId"":""QID12_16""}","{""ImportId"":""QID12_17""}","{""ImportId"":""QID12_18""}","{""ImportId"":""QID12_19""}","{""ImportId"":""QID12_20""}","{""ImportId"":""QID12_21""}","{""ImportId"":""QID12_22""}","{""ImportId"":""QID12_23""}","{""ImportId"":""QID12_24""}","{""ImportId"":""QID13""}","{""ImportId"":""QID15""}","{""ImportId"":""QID16_TEXT""}","{""ImportId"":""QID17_TEXT""}","{""ImportId"":""QID18_TEXT""}","{""ImportId"":""QID19""}","{""ImportId"":""QID20_TEXT""}","{""ImportId"":""QID21""}","{""ImportId"":""QID21_1_TEXT""}","{""ImportId"":""QID22_TEXT""}","{""ImportId"":""QID23_TEXT""}","{""ImportId"":""QID24""}","{""ImportId"":""QID25_TEXT""}","{""ImportId"":""QID26""}","{""ImportId"":""QID26_1_TEXT""}",
28/10/19 15:54,28/10/19 16:00,IP Address,116.87.54.107,100,351,TRUE,28/10/19 16:00,R_efh6BD7SCJF5T57,,,,,1.368103027,103.8832092,anonymous,EN-GB,5,3,5,5,5,5,5,3,5,5,4,5,3,5,3,4,3,4,4,4,5,3,4,2,4,3,4,3,5,3,5,2,1,5,,,,,,,,,,,,,,,,,,,,,,,,,5,5,2,2,5,5,2,2,5,5,2,3,4,4,5,5,4,2,5,2,5,2,2,4,,,,,,,,,,,,,,,,,,,,,,,,,4,4,4,1,4,4,1,2,4,4,2,3,4,4,3,1,5,3,4,1,4,1,1,4,,,,,,,,,,,,,,,,,,,,,,,,,25,Male,Singapore Management University,Ngee Ann Polytechnic,Chinese,4,10,Yes,Cantonese,2,0,Yes,25,No,,C
28/10/19 15:58,28/10/19 16:04,IP Address,180.129.26.232,100,368,TRUE,28/10/19 16:04,R_12o3xAqlDyxAcm1,,,,,1.326705933,103.8869019,anonymous,EN-GB,4,5,5,3,4,3,4,2,3,3,,,,,,,,,,,,,,,,,,,,,,,,,3,2,4,4,3,4,3,2,4,2,1,4,5,1,3,4,5,4,4,4,3,2,2,4,,,,,,,,,,,,,,,,,,,,,,,,,4,2,4,4,4,2,4,3,4,4,4,3,3,5,2,4,5,3,3,4,4,4,1,4,,,,,,,,,,,,,,,,,,,,,,,,,2,5,5,4,2,2,4,3,5,4,4,4,3,2,4,1,4,5,2,4,4,2,2,4,23,Male,National University of Singapore,Singapore Polytechnic,Chinese,4,13,Yes,Teochew,2,NA,Yes,23,No,,C
28/10/19 15:59,28/10/19 16:05,IP Address,155.69.184.18,100,326,TRUE,28/10/19 16:05,R_Dwtks3Up6vyE3Cx,,,,,1.366699219,103.7999878,anonymous,EN-GB,4,5,5,5,5,5,5,5,5,5,,,,,,,,,,,,,,,,,,,,,,,,,1,3,5,5,3,1,5,5,3,3,5,5,5,5,5,5,5,5,3,5,2,5,1,5,5,5,1,3,4,5,3,1,5,5,5,1,5,5,5,3,5,5,5,5,5,3,1,5,,,,,,,,,,,,,,,,,,,,,,,,,,,,,,,,,,,,,,,,,,,,,,,,,5,5,5,5,3,2,5,5,1,5,5,5,5,5,5,3,5,5,5,5,5,5,1,5,23,Male,Ntu,Hci,Chinese,4,10,No,,1,0,Yes,23,No,,C
28/10/19 16:06,28/10/19 16:12,IP Address,94.197.120.181,100,305,TRUE,28/10/19 16:12,R_12yz6bQ7fTjvYQH,,,,,51.49639893,-0.122406006,anonymous,EN-GB,5,5,4,4,5,5,5,3,5,5,,,,,,,,,,,,,,,,,,,,,,,,,2,4,4,3,4,2,4,4,3,4,4,4,3,4,5,4,4,3,3,4,3,4,1,4,4,4,2,3,4,5,2,2,5,5,3,4,4,3,4,2,4,2,5,5,5,4,1,4,,,,,,,,,,,,,,,,,,,,,,,,,,,,,,,,,,,,,,,,,,,,,,,,,3,5,5,5,2,2,5,5,5,5,5,5,4,4,4,3,3,5,3,5,3,4,2,4,21,Female,University of Oxford,Raffles Institution,Chinese,4,13,Yes,Hokkien,2,NA,Yes,21,No,,C
28/10/19 16:01,28/10/19 16:17,IP Address,91.236.210.70,100,949,TRUE,28/10/19 16:17,R_3EWOnn27QZPBLQE,,,,,56.45579529,9.402099609,anonymous,EN-GB,1,5,2,2,3,5,5,5,2,5,5,5,1,2,5,5,2,2,5,5,5,4,4,4,5,4,5,2,5,2,5,2,1,5,,,,,,,,,,,,,,,,,,,,,,,,,,,,,,,,,,,,,,,,,,,,,,,,,2,2,5,5,3,4,5,5,2,3,5,5,3,5,2,5,2,5,5,5,3,5,1,5,5,5,5,5,5,5,3,5,5,5,3,2,5,4,5,2,5,5,5,5,5,5,3,5,,,,,,,,,,,,,,,,,,,,,,,,,22,Other,NTU,HCI,Chinese,3,10,Yes,English,5,12,Yes,22,No,,C
28/10/19 16:21,28/10/19 16:30,IP Address,180.129.17.15,100,593,TRUE,28/10/19 16:30,R_2EiSgxAush4CHIw,,,,,1.361602783,103.8656921,anonymous,EN-GB,4,5,5,5,4,5,5,5,4,5,,,,,,,,,,,,,,,,,,,,,,,,,2,5,5,5,3,4,5,5,5,4,5,5,3,5,4,5,3,5,3,5,3,5,1,5,5,5,3,5,5,5,4,3,5,5,5,4,5,5,5,2,5,3,5,5,5,3,1,5,,,,,,,,,,,,,,,,,,,,,,,,,,,,,,,,,,,,,,,,,,,,,,,,,4,5,5,5,3,3,5,5,5,5,5,5,3,5,3,5,4,5,4,5,4,5,2,5,20,Female,NUS,Raffles Institution,Chinese,4,10,No,,NA,NA,Yes,20,No,,C
28/10/19 16:25,28/10/19 16:33,IP Address,101.78.111.123,100,484,TRUE,28/10/19 16:33,R_2e2oI9reoiNcpHK,,,,,1.37449646,103.7677917,anonymous,EN-GB,5,5,5,5,5,4,5,4,5,4,5,3,1,1,5,3,2,4,5,1,2,3,5,5,5,2,4,2,5,5,5,5,1,5,,,,,,,,,,,,,,,,,,,,,,,,,4,5,1,4,5,4,3,1,5,5,3,4,5,5,5,1,5,3,3,5,5,5,1,3,,,,,,,,,,,,,,,,,,,,,,,,,5,5,5,5,3,3,5,5,5,3,4,4,5,3,5,1,5,5,5,5,5,4,1,5,,,,,,,,,,,,,,,,,,,,,,,,,22,Male,National University of Singapore ,Anderson Junior College,Bahasa Indonesia,4,4,Yes,Mandarin,3,3,Yes,22,No,,M
28/10/19 17:20,28/10/19 17:28,IP Address,129.67.162.103,100,426,TRUE,28/10/19 17:28,R_3NXmtuU7uRXEOMQ,,,,,51.71549988,-1.292602539,anonymous,EN-GB,5,5,5,4,5,5,3,2,4,2,,,,,,,,,,,,,,,,,,,,,,,,,3,4,4,5,4,3,3,5,3,2,5,4,4,4,4,5,5,4,4,5,4,5,1,5,5,3,3,5,5,5,2,2,5,5,3,4,5,4,5,4,5,4,5,5,5,4,1,5,,,,,,,,,,,,,,,,,,,,,,,,,5,5,5,5,4,4,2,4,5,4,3,4,5,4,5,5,3,5,5,5,5,3,3,4,,,,,,,,,,,,,,,,,,,,,,,,,21,Female,Oxford,SOTA,Mandarin,3,12,No,,NA,NA,Yes,21,No,,C
28/10/19 17:30,28/10/19 17:39,IP Address,192.76.8.71,100,544,TRUE,28/10/19 17:39,R_2tDmvzJmRIvfqO3,,,,,51.71549988,-1.292602539,anonymous,EN-GB,5,5,5,5,3,3,5,2,1,3,,,,,,,,,,,,,,,,,,,,,,,,,4,3,3,4,3,5,3,3,5,3,4,3,5,3,3,5,5,3,4,2,2,4,1,3,,,,,,,,,,,,,,,,,,,,,,,,,2,2,4,5,4,4,4,3,5,5,4,3,4,4,3,4,3,4,5,3,4,3,1,4,5,3,5,5,3,3,5,4,4,4,5,5,4,2,5,2,4,5,4,5,4,4,1,2,,,,,,,,,,,,,,,,,,,,,,,,,23,Male,Oxford university ,Raffles institution ,Chinese,5,11,Yes,"French, Spanish, Russian","5,3,2","6,2,2",Yes,21,Yes,"UK, 2 years",C
28/10/19 18:54,28/10/19 19:00,IP Address,131.111.185.45,100,372,TRUE,28/10/19 19:00,R_3qqA6U4niWOhfxc,,,,,52.19290161,0.125595093,anonymous,EN-GB,3,5,4,4,5,2,3,1,1,2,,,,,,,,,,,,,,,,,,,,,,,,,1,1,4,3,1,2,3,3,2,1,5,3,5,5,5,3,4,3,5,2,3,3,1,4,,,,,,,,,,,,,,,,,,,,,,,,,1,1,3,3,1,1,3,4,1,1,3,3,3,3,5,4,4,3,4,5,4,4,1,3,3,5,5,2,4,3,1,4,3,3,1,1,5,3,4,3,3,5,4,5,4,4,1,3,,,,,,,,,,,,,,,,,,,,,,,,,22,Male,University of Cambridge,Raffles Institution,Mandarin,3,11,No,,NA,BA,Yes,22,No,,C
28/10/19 18:52,28/10/19 19:09,IP Address,131.111.184.109,100,993,TRUE,28/10/19 19:09,R_25GT04NGATXi1GK,,,,,52.19290161,0.125595093,anonymous,EN-GB,2,3,2,4,2,5,4,4,3,4,5,5,1,4,4,5,1,1,5,3,2,5,3,1,3,3,2,1,3,1,2,2,1,3,,,,,,,,,,,,,,,,,,,,,,,,,5,4,1,1,4,3,3,1,3,4,2,1,2,3,5,2,4,2,3,2,3,2,1,3,,,,,,,,,,,,,,,,,,,,,,,,,,,,,,,,,,,,,,,,,,,,,,,,,1,3,3,3,3,3,5,5,2,2,5,5,2,3,1,1,1,3,1,5,1,4,1,4,24,Male,University of Cambridge,CJC,Chinese,2,12,No,,Na,Na,Yes,24,Yes,"UK, 3 years",C
28/10/19 19:23,28/10/19 19:32,IP Address,39.109.230.23,100,532,TRUE,28/10/19 19:32,R_1pPP3gSp8h5uok1,,,,,1.368103027,103.8832092,anonymous,EN-GB,5,5,4,4,4,5,5,5,4,5,5,5,1,4,4,5,2,2,5,5,4,4,5,2,5,4,5,2,5,4,5,3,1,5,,,,,,,,,,,,,,,,,,,,,,,,,5,5,4,3,5,5,2,2,5,5,4,2,5,3,5,3,5,3,5,3,5,3,1,5,,,,,,,,,,,,,,,,,,,,,,,,,,,,,,,,,,,,,,,,,,,,,,,,,5,5,5,5,2,4,5,5,4,3,5,5,3,5,3,5,3,5,2,5,4,4,1,5,23,Female,Singapore Management University,Hwa Chong Junior College,Chinese,3,12,Yes,"Malay, Italian","1, 1","4, 1",Yes,23,No,,C
28/10/19 22:49,28/10/19 22:57,IP Address,182.55.165.157,100,464,TRUE,28/10/19 22:57,R_32SkwBvhfGobDfD,,,,,1.355194092,103.8859863,anonymous,EN-GB,5,5,4,4,5,5,5,5,5,4,5,5,3,5,5,5,3,3,5,4,4,5,5,3,5,4,5,4,5,4,5,4,1,5,,,,,,,,,,,,,,,,,,,,,,,,,,,,,,,,,,,,,,,,,,,,,,,,,4,4,5,5,3,3,5,5,2,5,5,5,4,5,3,5,4,5,3,5,4,5,1,4,3,4,5,5,2,5,5,3,5,5,4,4,5,3,5,3,5,5,5,3,5,3,1,5,,,,,,,,,,,,,,,,,,,,,,,,,24,Female,Singapore Management University / University of Warwick,Hwa Chong Institution,Chinese,4,12,No,,NA,NA,Yes,24,No,,C
28/10/19 22:50,28/10/19 23:05,IP Address,129.78.56.197,100,913,TRUE,28/10/19 23:05,R_1dssUJSVQD5ROo8,,,,,-33.85910034,151.2001953,anonymous,EN-GB,5,5,4,5,5,5,5,5,3,5,,,,,,,,,,,,,,,,,,,,,,,,,3,3,5,2,4,5,5,5,5,5,5,5,5,5,5,4,5,4,3,5,5,5,1,5,5,5,5,5,5,5,5,5,5,5,5,5,5,5,5,3,5,5,5,5,5,5,1,5,,,,,,,,,,,,,,,,,,,,,,,,,5,5,5,5,5,5,5,5,5,5,2,5,5,5,5,4,5,5,5,5,5,5,2,5,,,,,,,,,,,,,,,,,,,,,,,,,23,Female,nus,HCI,chinese,3,12,No,,na,na,No,16,Yes,age 0-7,C
29/10/19 0:19,29/10/19 0:35,IP Address,27.104.140.107,100,964,TRUE,29/10/19 0:35,R_32SesthKGvveEjY,,,,,1.355194092,103.8859863,anonymous,EN-GB,4,5,5,5,5,3,5,2,1,3,,,,,,,,,,,,,,,,,,,,,,,,,2,2,5,1,2,5,5,2,5,5,5,4,4,3,4,4,4,1,4,1,2,4,1,4,,,,,,,,,,,,,,,,,,,,,,,,,2,4,5,5,1,5,5,1,5,5,5,4,1,5,3,4,5,2,5,4,5,4,1,4,,,,,,,,,,,,,,,,,,,,,,,,,5,5,5,5,2,5,5,5,5,3,5,5,4,5,3,2,5,5,1,5,5,1,3,3,22,Female,Singapore University of Social Sciences,Ngee Ann Polytechnic ,Mandarin,4,10,Yes,Cantonese,2,NA,Yes,22,No,,C
29/10/19 0:50,29/10/19 0:56,IP Address,129.94.8.165,100,348,TRUE,29/10/19 0:56,R_10PJ5todhZc7hOq,,,,,-33.90939331,151.2225037,anonymous,EN-GB,4,5,3,5,5,5,5,5,5,5,,,,,,,,,,,,,,,,,,,,,,,,,2,4,5,5,1,2,5,5,2,2,5,5,5,4,5,5,5,5,5,4,3,5,2,3,5,5,3,5,5,5,2,2,4,5,5,3,5,3,5,5,5,5,5,5,5,5,1,5,,,,,,,,,,,,,,,,,,,,,,,,,,,,,,,,,,,,,,,,,,,,,,,,,5,5,5,5,4,5,5,5,5,5,5,5,4,5,5,5,5,5,5,5,5,5,1,5,23,Male,Unsw,Acjc,Chinese,4,11,No,,Na,Na,Yes,20,Yes,Australia ,C
29/10/19 1:58,29/10/19 2:07,IP Address,203.217.187.34,100,543,TRUE,29/10/19 2:07,R_s811zDTUNkQ0sNj,,,,,1.337295532,103.7695923,anonymous,EN-GB,4,5,3,5,4,3,3,1,2,2,3,2,4,3,4,3,4,4,3,2,4,5,4,2,3,4,2,4,3,2,5,5,1,3,,,,,,,,,,,,,,,,,,,,,,,,,,,,,,,,,,,,,,,,,,,,,,,,,2,4,3,4,2,5,3,3,5,3,2,2,2,5,3,4,4,5,5,3,5,3,1,3,,,,,,,,,,,,,,,,,,,,,,,,,5,5,5,3,4,4,3,4,4,1,3,4,4,3,5,2,5,5,5,4,5,1,1,1,24,Male,Singapore University of Social Sciences,Singapore Polytechnic,Chinese,1,10,No,,NA,NA,Yes,24,No,,C
29/10/19 2:06,29/10/19 2:19,IP Address,103.6.150.78,100,751,TRUE,29/10/19 2:19,R_4OBhyzCGbuc4bHH,,,,,1.292892456,103.8547058,anonymous,EN-GB,5,5,5,5,3,5,5,1,2,2,,,,,,,,,,,,,,,,,,,,,,,,,5,5,4,5,5,5,5,5,5,4,5,5,5,5,5,5,5,3,3,2,4,4,3,5,5,5,4,5,4,5,5,5,5,5,5,5,5,5,4,5,4,5,5,5,5,5,2,5,,,,,,,,,,,,,,,,,,,,,,,,,,,,,,,,,,,,,,,,,,,,,,,,,5,5,5,5,4,5,5,5,5,5,5,5,5,3,4,2,4,5,5,5,5,4,5,5,23,Male,Singapore University of Technology and Design,Hwa Chong Junior College,Chinese,4,10,No,,NA,NA,Yes,23,No,,C
29/10/19 3:09,29/10/19 3:15,IP Address,118.200.96.105,100,386,TRUE,29/10/19 3:15,R_20U9gnyPZCYHgda,,,,,1.319107056,103.7886963,anonymous,EN-GB,4,4,3,4,3,5,5,4,4,5,,,,,,,,,,,,,,,,,,,,,,,,,1,5,5,5,1,2,5,5,1,4,5,4,2,5,2,5,2,5,2,5,1,5,1,5,5,5,2,2,5,5,1,1,5,5,2,2,5,2,5,2,5,2,5,2,5,2,1,4,,,,,,,,,,,,,,,,,,,,,,,,,,,,,,,,,,,,,,,,,,,,,,,,,3,2,4,5,2,1,5,5,2,2,5,5,2,5,3,4,2,5,2,5,2,5,1,5,24,Male,Oxford,ACS(I),Mandarin,3,12,No,,NA,NA,Yes,24,Yes,"UK (3), US (1)",C
29/10/19 4:37,29/10/19 4:44,IP Address,183.90.36.116,100,385,TRUE,29/10/19 4:44,R_2fDxdDGPMSX5lXj,,,,,1.361602783,103.8656921,anonymous,EN-GB,5,5,5,5,5,4,5,1,4,2,,,,,,,,,,,,,,,,,,,,,,,,,1,5,4,4,5,5,5,5,5,5,5,5,5,5,5,5,5,2,5,4,5,4,1,5,5,4,1,3,5,4,3,2,5,5,3,5,5,5,5,5,5,5,5,4,5,5,1,4,,,,,,,,,,,,,,,,,,,,,,,,,5,5,5,5,5,5,4,4,5,5,5,5,5,1,1,3,5,5,5,4,5,3,5,5,,,,,,,,,,,,,,,,,,,,,,,,,25,Male,SIM,Ngee Ann Polytechnic,Chinese,4,12,No,,1,1,Yes,25,No,,C
29/10/19 5:32,29/10/19 5:44,IP Address,66.228.5.42,100,719,TRUE,29/10/19 5:44,R_1di8pSIW5Mq649I,,,,,1.434204102,103.7835083,anonymous,EN-GB,4,5,2,4,3,4,4,1,1,2,4,4,1,3,3,4,5,3,2,1,5,4,3,4,5,3,4,2,4,4,1,3,1,4,,,,,,,,,,,,,,,,,,,,,,,,,,,,,,,,,,,,,,,,,,,,,,,,,2,5,3,3,3,5,3,1,4,5,5,4,2,5,4,5,4,3,5,5,3,5,1,5,,,,,,,,,,,,,,,,,,,,,,,,,4,5,5,5,5,4,5,5,5,5,5,4,4,2,5,3,5,5,4,5,4,1,2,2,23,Male,University of London,Raffles Institution,Malay,4,10,Yes,"Indonesian, Mandarin, Arabic","3, 2, 2","0, 0, 2",Yes,23,No,,M
29/10/19 5:59,29/10/19 6:07,IP Address,203.217.187.33,100,492,TRUE,29/10/19 6:07,R_vo69zm1nOZI4dpv,,,,,1.337295532,103.7695923,anonymous,EN-GB,5,5,5,5,5,5,5,5,5,5,5,5,3,5,5,5,5,5,5,5,5,5,5,5,5,5,5,5,5,3,5,5,3,5,,,,,,,,,,,,,,,,,,,,,,,,,,,,,,,,,,,,,,,,,,,,,,,,,5,5,5,5,5,5,5,5,5,5,5,5,5,5,5,5,5,5,5,5,5,3,3,5,5,5,5,5,5,5,5,3,5,5,5,3,5,5,5,5,5,5,5,5,5,5,5,5,,,,,,,,,,,,,,,,,,,,,,,,,21,Female,Singapore University of Social Sciences,Ngee Ann Polytechnic ,Mandarin ,5,10,Yes,Hokkien and Teochew,"3, 2","10, 10",Yes,21,Yes,China for 6 months!,C
29/10/19 6:09,29/10/19 6:18,IP Address,203.217.187.33,100,529,TRUE,29/10/19 6:18,R_12fOMAKVvwtg1pS,,,,,1.36050415,103.8348083,anonymous,EN-GB,1,2,1,1,1,5,4,4,5,5,5,4,1,1,2,4,1,1,5,5,2,1,2,2,5,1,3,1,5,1,4,1,1,5,,,,,,,,,,,,,,,,,,,,,,,,,5,4,1,1,1,5,1,1,5,5,1,1,5,1,5,1,5,1,1,1,2,1,1,5,,,,,,,,,,,,,,,,,,,,,,,,,5,1,1,1,5,5,1,1,5,5,1,1,5,1,3,1,5,2,5,1,5,1,1,5,,,,,,,,,,,,,,,,,,,,,,,,,20,Male,SUSS,NA,Chinese,1,12,Yes,Cantonese,1,2,Yes,20,No,,C
29/10/19 5:08,29/10/19 9:51,IP Address,115.66.159.188,100,16974,TRUE,29/10/19 9:51,R_2rSgCUPzYYvdpZ5,,,,,1.37449646,103.7677917,anonymous,EN-GB,3,4,3,4,2,5,5,5,5,5,,,,,,,,,,,,,,,,,,,,,,,,,1,1,5,5,1,1,5,5,2,2,5,5,4,5,3,5,3,5,2,5,3,5,1,3,5,5,2,1,5,5,1,1,5,5,3,3,5,5,5,3,5,4,5,5,5,5,1,5,,,,,,,,,,,,,,,,,,,,,,,,,,,,,,,,,,,,,,,,,,,,,,,,,4,2,5,5,1,1,5,5,2,4,5,5,5,4,5,5,4,5,3,5,3,5,2,5,23,Male,NTU,HCJC,Chinese,5,10,Yes,"Henghua, Malay","henghua-3, malay-2","henghua-formally 0, malay- 4",Yes,23,No,,C
29/10/19 9:51,29/10/19 9:58,IP Address,155.69.176.63,100,389,TRUE,29/10/19 9:58,R_265XJyjSvNe29pB,,,,,1.366699219,103.7999878,anonymous,EN-GB,5,5,5,5,4,5,5,5,5,5,,,,,,,,,,,,,,,,,,,,,,,,,2,5,5,4,2,3,5,4,2,5,5,5,4,4,4,5,3,5,4,4,2,4,2,5,,,,,,,,,,,,,,,,,,,,,,,,,2,4,4,4,3,2,4,4,3,4,4,3,1,4,2,4,3,4,3,3,3,4,2,4,4,5,4,4,4,4,4,5,4,4,3,2,5,4,5,4,4,5,4,4,4,2,1,4,,,,,,,,,,,,,,,,,,,,,,,,,23,Female,NTU,Hwa Chong Institution (college),Chinese ,4,10,Yes,"Cantonese, teochew, korean",Cantonese 3 teochew 2 korean 3,Cantonese/teochew NA korean 4,Yes,23,No,,C
29/10/19 10:43,29/10/19 10:48,IP Address,203.222.148.80,100,256,TRUE,29/10/19 10:48,R_1dELts434Sgwpiu,,,,,-37.80709839,144.9515991,anonymous,EN-GB,2,4,4,3,4,5,5,4,4,2,,,,,,,,,,,,,,,,,,,,,,,,,1,3,5,5,1,2,5,5,2,3,5,3,3,5,2,5,3,5,3,4,2,5,1,5,5,5,2,2,5,5,2,2,5,5,5,2,5,2,5,1,5,1,5,2,5,2,1,3,,,,,,,,,,,,,,,,,,,,,,,,,,,,,,,,,,,,,,,,,,,,,,,,,3,2,5,5,1,2,5,1,2,2,5,5,2,5,2,3,4,5,3,5,2,5,1,5,23,Female,University of Melbourne,NJC,Mandarin,2,11,No,,2,NA,Yes,23,No,,C
29/10/19 17:32,29/10/19 17:41,IP Address,163.1.208.198,100,487,TRUE,29/10/19 17:41,R_55ZmaKhJkADDBU5,,,,,51.71549988,-1.292602539,anonymous,EN-GB,5,5,5,5,5,3,5,3,4,4,,,,,,,,,,,,,,,,,,,,,,,,,2,5,3,2,3,5,2,3,3,5,5,3,5,4,2,4,5,2,2,1,5,2,1,3,5,5,3,5,2,5,3,3,3,3,5,5,5,5,3,3,3,5,5,5,5,2,2,5,,,,,,,,,,,,,,,,,,,,,,,,,5,5,5,5,5,4,5,5,3,3,5,4,3,3,5,4,2,5,3,5,2,5,4,2,,,,,,,,,,,,,,,,,,,,,,,,,23,Male,Oxford,RJC,Chinese,4,10,No,,NA,NA,Yes,21,No,,C
7/11/19 11:49,7/11/19 11:54,IP Address,137.132.214.215,100,299,TRUE,7/11/19 11:54,R_21ibcDvclbvXrG6,,,,,1.301193237,103.7862854,anonymous,EN-GB,5,5,5,5,4,4,3,3,3,3,,,,,,,,,,,,,,,,,,,,,,,,,5,3,3,3,4,5,4,4,5,4,4,3,5,5,4,4,5,3,5,4,2,4,1,4,4,5,2,5,4,4,4,3,3,4,5,4,4,4,4,5,4,4,3,4,4,3,1,4,,,,,,,,,,,,,,,,,,,,,,,,,,,,,,,,,,,,,,,,,,,,,,,,,5,5,5,4,4,5,4,5,4,4,4,4,4,4,4,2,4,5,4,4,5,3,2,3,22,Male,University of Singapore,JC,Mandarin,5,16,No,,NA,NA,Yes,22,No,,C
10/11/19 21:21,10/11/19 21:26,IP Address,73.202.188.199,100,292,TRUE,10/11/19 21:26,R_r0HxzfzLdb8f7AB,,,,,37.74699402,-122.4389038,anonymous,EN-GB,4,5,5,5,5,5,5,5,5,5,5,5,5,5,5,5,5,2,5,4,5,5,5,3,5,5,5,5,5,5,5,5,1,5,,,,,,,,,,,,,,,,,,,,,,,,,,,,,,,,,,,,,,,,,,,,,,,,,5,5,5,5,5,5,5,5,5,5,5,5,5,5,5,5,5,5,5,5,5,5,1,5,,,,,,,,,,,,,,,,,,,,,,,,,5,5,5,5,5,3,5,5,5,5,5,5,4,5,5,5,5,5,4,5,5,5,1,5,25,Male,New York University,Hwachong,Mandarin,3,10,Yes,Japanese,2,2.5,Yes,21,Yes,"Japan, 2",C
10/11/19 21:31,10/11/19 21:37,IP Address,152.2.18.192,100,341,TRUE,10/11/19 21:37,R_3atYswDovj1wajL,,,,,36.05409241,-79.10549927,anonymous,EN-GB,5,5,5,5,5,4,5,4,5,5,,,,,,,,,,,,,,,,,,,,,,,,,4,3,5,5,3,4,5,5,5,5,5,4,5,5,4,5,4,5,2,5,3,4,1,5,,,,,,,,,,,,,,,,,,,,,,,,,5,4,5,5,5,5,5,5,5,5,5,5,2,5,4,5,3,5,5,5,5,5,1,5,,,,,,,,,,,,,,,,,,,,,,,,,5,5,5,5,5,4,5,5,5,5,5,5,3,5,5,5,3,5,4,5,4,5,1,5,23,Male,NUS,HCJC,Chinese,5,10,No,,NA,NA,No,22,No,,C
10/11/19 21:32,10/11/19 21:37,IP Address,79.97.66.132,100,284,TRUE,10/11/19 21:37,R_2v0qkoEve9DXkr2,,,,,51.89689636,-8.494995117,anonymous,EN-GB,5,5,5,5,5,3,3,4,3,3,3,3,2,3,3,3,4,3,4,3,4,4,3,3,2,4,3,1,2,5,3,3,1,3,,,,,,,,,,,,,,,,,,,,,,,,,3,3,2,2,2,3,3,3,3,3,4,3,3,3,3,3,3,4,3,4,3,3,2,3,,,,,,,,,,,,,,,,,,,,,,,,,,,,,,,,,,,,,,,,,,,,,,,,,3,3,4,4,3,3,3,3,3,4,3,4,3,4,4,2,3,4,4,2,4,3,3,3,22,Female,Oxford,RI(JC),Chinese,4,10,No,,NA,NA,Yes,18,Yes,4,C
11/11/19 8:34,11/11/19 8:39,IP Address,218.225.234.54,100,302,TRUE,11/11/19 8:39,R_3Pou8itBcpA29Ps,,,,,35.69000244,139.6900024,anonymous,EN-GB,4,5,5,5,5,5,5,5,5,5,,,,,,,,,,,,,,,,,,,,,,,,,2,4,4,5,3,4,5,5,2,4,5,4,5,5,5,4,4,4,5,3,3,4,1,4,,,,,,,,,,,,,,,,,,,,,,,,,4,4,5,5,4,4,5,5,2,5,5,5,4,4,3,5,3,5,4,5,5,4,1,5,,,,,,,,,,,,,,,,,,,,,,,,,5,5,5,4,4,4,5,4,3,5,5,5,2,3,4,2,4,5,5,5,5,4,1,5,20,Male,NA,Kent School USA,Chinese,3,20,No,,NA,NA,Yes,20,No,,C
11/11/19 9:56,11/11/19 10:02,IP Address,209.58.163.139,100,353,TRUE,11/11/19 10:02,R_12y6TPv4bpRo4ab,,,,,1.325698853,103.9108887,anonymous,EN-GB,5,5,5,4,2,5,5,2,3,4,,,,,,,,,,,,,,,,,,,,,,,,,5,4,5,4,4,4,5,5,4,5,5,4,5,4,4,5,4,4,4,3,5,5,1,4,4,3,4,4,3,3,3,2,4,5,4,2,3,4,4,4,4,4,5,4,5,4,1,3,,,,,,,,,,,,,,,,,,,,,,,,,5,5,5,5,3,3,4,3,4,4,3,4,4,4,5,3,4,5,4,5,5,4,1,3,,,,,,,,,,,,,,,,,,,,,,,,,24,Male,NUS,RI,CHINESE,3,8,No,,1,NA,Yes,24,Yes,"UK, 1 year",C
11/11/19 13:59,11/11/19 14:07,IP Address,155.69.180.6,100,494,TRUE,11/11/19 14:07,R_30iabveB1yGQIia,,,,,1.366699219,103.7999878,anonymous,EN-GB,4,5,5,5,5,4,5,2,1,3,,,,,,,,,,,,,,,,,,,,,,,,,2,1,4,5,3,5,5,5,5,2,5,5,5,4,5,4,5,2,5,4,1,5,1,5,,,,,,,,,,,,,,,,,,,,,,,,,1,1,5,5,2,3,5,3,1,1,4,5,3,5,2,3,5,4,1,5,4,4,1,5,5,5,5,5,5,4,3,1,5,5,5,2,5,4,5,5,5,5,4,5,5,4,1,5,,,,,,,,,,,,,,,,,,,,,,,,,24,Male,Nanyang Technological University,Ngee Ann Polytechnic,Mandarin,4,10,Yes,"English, Cantonese and Hokkien","4 - English, 3 for Cantonese and 2 for Hokkien","10 - English, NA - Cantonese and Hokkien",Yes,24,No,,C
11/11/19 14:03,11/11/19 14:12,IP Address,116.88.111.211,100,498,TRUE,11/11/19 14:12,R_cTjyWlDSZlu5Ohz,,,,,1.32170105,103.7998047,anonymous,EN-GB,5,5,5,5,4,5,4,4,2,1,5,4,3,3,5,4,1,2,4,4,5,4,4,3,4,4,5,2,4,4,3,5,1,4,,,,,,,,,,,,,,,,,,,,,,,,,,,,,,,,,,,,,,,,,,,,,,,,,2,2,5,5,5,2,4,4,5,5,5,5,1,5,4,4,5,3,5,4,5,5,1,5,,,,,,,,,,,,,,,,,,,,,,,,,5,5,5,5,4,2,5,4,4,4,4,5,3,4,5,2,5,5,5,5,5,3,1,4,24,Female,Brunel University London,Singapore Polytechnic,Mandarin,5,10,Yes,Cantonese,4,NA,Yes,21,Yes,3 years,C
11/11/19 15:02,11/11/19 15:12,IP Address,183.90.37.95,100,614,TRUE,11/11/19 15:12,R_2UhMCj2Iqtsi2fK,,,,,1.36050415,103.8348083,anonymous,EN-GB,3,3,4,3,3,5,5,5,4,5,,,,,,,,,,,,,,,,,,,,,,,,,1,5,5,5,1,1,5,5,3,3,5,5,3,5,3,5,3,5,3,3,3,5,1,5,,,,,,,,,,,,,,,,,,,,,,,,,4,3,5,5,5,5,5,5,4,4,5,5,3,5,4,5,4,5,3,5,4,4,1,5,,,,,,,,,,,,,,,,,,,,,,,,,5,4,5,5,4,3,5,5,5,4,5,5,5,4,4,3,4,5,4,5,4,4,1,5,23,Male,NUS,HCI,Mandarin,5,12,No,,NA,NA,No,18,Yes,China - 5,C
11/11/19 15:32,11/11/19 15:38,IP Address,101.53.7.67,100,412,TRUE,11/11/19 15:38,R_3J5ll80zyrX7seK,,,,,10.81419373,106.6437988,anonymous,EN-GB,1,5,5,5,3,5,5,5,3,5,5,5,1,3,5,5,1,1,5,5,5,5,5,1,4,1,4,1,5,1,4,5,1,5,,,,,,,,,,,,,,,,,,,,,,,,,,,,,,,,,,,,,,,,,,,,,,,,,1,1,5,5,1,1,5,3,5,5,5,5,1,5,1,5,1,5,1,5,1,1,1,5,,,,,,,,,,,,,,,,,,,,,,,,,1,5,5,5,1,1,5,5,5,5,5,5,1,5,1,1,1,5,1,5,1,1,1,5,24,Male,Oxford,Hwa Chong,Chinese,5,10,Yes,"Teochew, Malay",3,Malay 4 years,Yes,21,Yes,Ages 21-24,C
11/11/19 22:17,11/11/19 22:26,IP Address,192.76.8.85,100,517,TRUE,11/11/19 22:26,R_x5Al2S6YK2LogQp,,,,,51.71549988,-1.292602539,anonymous,EN-GB,5,5,5,5,5,4,4,3,2,4,,,,,,,,,,,,,,,,,,,,,,,,,5,2,5,4,2,2,5,3,2,4,5,5,3,5,3,5,4,3,3,4,3,5,1,5,5,5,2,5,3,4,2,2,5,5,5,5,5,4,5,5,3,4,5,5,5,2,1,4,,,,,,,,,,,,,,,,,,,,,,,,,,,,,,,,,,,,,,,,,,,,,,,,,5,5,2,5,3,2,5,4,4,3,5,5,2,5,3,3,2,5,2,5,4,4,3,3,21,Female,Oxford University,SOTA,Chinese,2,12,Yes,Hokkien,1,0,Yes,21,Yes,UK (< 2 years),C
12/11/19 10:01,12/11/19 10:09,IP Address,31.205.59.250,100,486,TRUE,12/11/19 10:09,R_30w8RB3s5vhIemY,,,,,51.45019531,-2.650299072,anonymous,EN-GB,5,5,5,5,2,5,5,5,3,5,,,,,,,,,,,,,,,,,,,,,,,,,3,4,5,5,4,4,5,5,5,5,5,5,5,5,4,5,4,5,2,5,2,5,1,5,,,,,,,,,,,,,,,,,,,,,,,,,3,4,5,5,4,2,5,5,5,4,5,5,5,5,3,5,4,5,3,4,5,5,1,5,,,,,,,,,,,,,,,,,,,,,,,,,5,5,5,5,3,5,5,5,5,5,5,5,5,5,4,3,3,5,3,5,5,5,1,5,23,Male,University of Bristol,Hwa Chong JC,English,5,17,Yes,Chinese/Dutch,4-Jan,17?/2?,Yes,20,Yes,UK - 2.25,O
12/11/19 16:52,12/11/19 17:03,IP Address,219.74.109.123,100,673,TRUE,12/11/19 17:03,R_2CN7xgRmLegfzz8,,,,,1.325698853,103.9108887,anonymous,EN-GB,4,2,4,1,3,1,2,1,3,5,,,,,,,,,,,,,,,,,,,,,,,,,3,5,1,5,4,3,1,1,1,5,3,4,1,2,1,1,1,4,1,3,1,5,1,5,,,,,,,,,,,,,,,,,,,,,,,,,2,1,4,5,4,4,1,1,2,5,4,5,1,3,1,5,1,5,2,5,1,2,1,5,,,,,,,,,,,,,,,,,,,,,,,,,5,5,3,5,2,2,5,2,1,3,4,1,1,4,1,3,1,5,1,5,1,2,1,4,23,Female,NUS,RJC,Chinese,4,10,No,,NA,NA,Yes,23,No,,C
15/11/19 10:04,15/11/19 10:12,IP Address,27.104.227.115,100,488,TRUE,15/11/19 10:12,R_2S9bkKNkokzWGxg,,,,,1.324798584,103.8565979,anonymous,EN-GB,5,5,5,5,5,5,5,5,5,5,5,4,1,2,5,5,1,4,5,5,5,5,5,5,5,4,5,3,5,5,5,5,1,5,,,,,,,,,,,,,,,,,,,,,,,,,,,,,,,,,,,,,,,,,,,,,,,,,1,4,5,5,2,4,5,5,4,4,5,5,5,5,5,5,5,5,5,5,5,5,1,5,5,5,5,5,5,5,2,5,5,5,2,3,5,4,5,3,5,5,5,5,5,3,2,5,,,,,,,,,,,,,,,,,,,,,,,,,23,Female,University of Bristol,Hwa Chong Institution,Chinese,3,10,Yes,Japanese,3,1,Yes,20,Yes,"UK, 3 years",C
17/11/19 17:35,17/11/19 17:45,IP Address,188.29.164.189,100,612,TRUE,17/11/19 17:45,R_2bWa7OPNbtF4qTL,,,,,51.49639893,-0.122406006,anonymous,EN-GB,4,5,2,4,4,5,4,5,3,5,5,5,1,1,4,4,1,1,5,4,2,2,5,1,4,1,5,1,4,1,4,2,1,5,,,,,,,,,,,,,,,,,,,,,,,,,,,,,,,,,,,,,,,,,,,,,,,,,2,5,5,5,2,3,4,4,2,4,4,4,2,4,1,5,2,5,3,4,2,4,1,4,,,,,,,,,,,,,,,,,,,,,,,,,2,4,4,5,4,4,4,4,4,3,4,3,1,4,1,4,2,5,2,4,1,2,1,5,22,Female,Singapore Management University,Raffles Institution,Mandarin,4,10,Yes,Cantonese,2,NA,Yes,22,No,,C
17/11/19 23:03,17/11/19 23:26,IP Address,49.182.33.142,100,1369,TRUE,17/11/19 23:26,R_TvguKCyUZnW2BZn,,,,,-27.47320557,153.0215149,anonymous,EN-GB,5,5,3,5,5,4,4,2,2,5,4,2,1,5,3,1,1,1,4,2,5,5,5,3,4,4,5,2,5,4,2,4,1,5,,,,,,,,,,,,,,,,,,,,,,,,,,,,,,,,,,,,,,,,,,,,,,,,,2,4,4,2,3,2,4,2,4,5,2,2,1,5,2,5,2,3,5,3,4,4,1,2,5,5,5,5,3,3,5,4,5,2,2,4,3,3,3,4,3,5,3,2,4,2,1,5,,,,,,,,,,,,,,,,,,,,,,,,,21,Male,University of Queensland,Singapore Polytechnic,Chinese,2,10,Yes,Malay,2,0,Yes,22,Yes,1-Feb,C
19/11/19 10:58,19/11/19 11:05,IP Address,155.69.175.63,100,407,TRUE,19/11/19 11:05,R_rpYUoXuGbNNtslj,,,,,1.366699219,103.7999878,anonymous,EN-GB,4,5,4,5,2,5,5,4,3,4,5,4,1,5,4,5,1,5,5,3,2,4,2,3,5,2,5,1,2,3,4,3,1,5,,,,,,,,,,,,,,,,,,,,,,,,,,,,,,,,,,,,,,,,,,,,,,,,,1,1,5,5,5,1,5,5,2,2,5,4,1,4,1,5,1,5,4,5,1,4,1,3,,,,,,,,,,,,,,,,,,,,,,,,,3,4,5,5,4,2,5,5,5,2,5,5,1,1,1,5,1,5,2,5,1,1,2,5,24,Male,NTU,NJC,Mandarin,3,11,No,,NA,NA,Yes,23,Yes,Australia,C
19/11/19 11:08,19/11/19 11:16,IP Address,155.69.178.63,100,451,TRUE,19/11/19 11:16,R_1eJAonetVD9lnzp,,,,,1.366699219,103.7999878,anonymous,EN-GB,4,5,5,4,4,2,2,1,2,2,3,3,5,1,3,3,5,5,3,2,4,4,4,3,2,5,3,4,2,4,2,4,3,3,,,,,,,,,,,,,,,,,,,,,,,,,3,5,2,2,2,3,4,4,2,2,3,4,2,4,3,4,3,4,2,4,3,3,3,3,,,,,,,,,,,,,,,,,,,,,,,,,,,,,,,,,,,,,,,,,,,,,,,,,4,4,3,3,3,4,3,3,4,4,2,2,4,1,3,2,3,3,3,2,4,2,4,3,23,Male,ntu,acjc,chinese,3,12,Yes,malay abit,2,1,Yes,23,No,,C
19/11/19 11:33,19/11/19 11:40,IP Address,42.60.252.196,100,422,TRUE,19/11/19 11:40,R_URyI5sfSVvL2fol,,,,,1.397903442,103.8728943,anonymous,EN-GB,4,5,3,5,2,5,3,4,3,5,5,3,1,1,5,5,1,1,5,4,2,1,4,5,5,5,4,3,5,1,3,3,1,5,,,,,,,,,,,,,,,,,,,,,,,,,4,5,1,3,3,4,1,3,4,3,4,1,5,5,5,1,5,5,5,5,5,5,1,5,,,,,,,,,,,,,,,,,,,,,,,,,5,4,3,1,4,4,1,1,1,5,4,1,3,2,4,2,3,5,5,5,4,4,1,3,,,,,,,,,,,,,,,,,,,,,,,,,23,Female,Ntu,Hwa Chong jc,Chinese,4,10,No,,Na,Na,Yes,23,No,,C
19/11/19 11:45,19/11/19 11:51,IP Address,183.90.117.129,100,390,TRUE,19/11/19 11:51,R_1dudzSdhnTKbAno,,,,,1.292892456,103.8547058,anonymous,EN-GB,4,5,5,5,5,5,5,5,5,5,,,,,,,,,,,,,,,,,,,,,,,,,3,5,5,5,3,5,5,5,3,5,5,4,3,5,5,5,5,5,3,4,2,5,1,5,5,5,2,5,5,5,4,3,5,5,2,3,5,5,5,2,5,4,5,5,5,5,1,5,,,,,,,,,,,,,,,,,,,,,,,,,,,,,,,,,,,,,,,,,,,,,,,,,5,5,5,5,5,5,5,5,4,3,5,5,5,4,4,5,5,5,5,5,3,5,1,5,23,Male,Nanyang Technological University,Anglo-chinese school (independent),Malay,3,12,No,,Na,Na,Yes,23,No,,M
19/11/19 12:03,19/11/19 12:07,IP Address,116.87.226.129,100,264,TRUE,19/11/19 12:07,R_phC95KQhizuejVT,,,,,1.322402954,103.7889099,anonymous,EN-GB,3,4,3,5,5,5,5,5,2,4,5,5,2,4,5,5,2,4,4,5,3,2,3,2,3,4,4,4,5,2,4,5,1,5,,,,,,,,,,,,,,,,,,,,,,,,,5,5,2,3,4,5,2,2,5,5,3,3,5,3,5,2,5,2,5,2,5,3,5,5,,,,,,,,,,,,,,,,,,,,,,,,,5,5,4,2,4,5,2,2,5,5,3,2,5,2,5,5,5,3,5,3,5,2,2,5,,,,,,,,,,,,,,,,,,,,,,,,,23,Female,NTU,RJC,chinese,3,10,No,,1,0,Yes,21,Yes,australia 2 years,C
19/11/19 12:04,19/11/19 12:13,IP Address,111.65.47.204,100,556,TRUE,19/11/19 12:13,R_2RUoBhF2q85zk6G,,,,,1.292892456,103.8547058,anonymous,EN-GB,5,5,5,5,4,5,5,5,3,4,5,4,4,4,5,5,3,5,5,5,5,5,5,3,5,5,5,2,4,4,4,3,1,5,,,,,,,,,,,,,,,,,,,,,,,,,5,5,1,5,4,5,5,2,5,5,4,4,4,3,5,3,5,3,5,3,5,5,1,5,,,,,,,,,,,,,,,,,,,,,,,,,4,5,5,5,4,4,5,4,5,5,4,3,5,2,5,3,5,5,3,3,5,2,1,5,,,,,,,,,,,,,,,,,,,,,,,,,23,Male,Nanyang Technological University,Raffles Institution,Mandarin,4,10,Yes,"Malay, Hokkien","Malay 2, Hokkien 1","Malay 4, Hokkien 1",Yes,23,No,,C
19/11/19 11:23,19/11/19 12:16,IP Address,119.56.98.159,100,3213,TRUE,19/11/19 12:16,R_2X7hRACnw79gMyA,,,,,1.355194092,103.8859863,anonymous,EN-GB,5,5,5,5,5,4,4,1,2,2,,,,,,,,,,,,,,,,,,,,,,,,,4,4,2,2,4,4,2,2,2,2,1,2,5,1,2,3,5,1,3,2,2,2,4,3,2,3,1,2,2,2,3,4,2,2,3,3,2,5,2,3,1,4,1,4,3,5,1,3,,,,,,,,,,,,,,,,,,,,,,,,,,,,,,,,,,,,,,,,,,,,,,,,,5,4,4,4,4,5,3,3,5,3,3,2,3,2,4,2,4,3,3,3,4,1,5,2,23,Female,NTU,NUS high ,Chinese ,3,10,Yes,"Malay, hokkien (limited)","2,2","Malay - 4 years, hokkien - 1 semester",Yes,23,No,,C
19/11/19 12:19,19/11/19 12:31,IP Address,218.186.146.138,100,690,TRUE,19/11/19 12:31,R_3O2lWyMPhdkTHTp,,,,,1.310897827,103.9030151,anonymous,EN-GB,5,5,4,5,3,5,5,5,5,5,5,5,1,5,5,5,2,3,5,5,5,4,5,3,5,5,5,3,5,4,5,5,1,5,,,,,,,,,,,,,,,,,,,,,,,,,5,5,2,4,5,5,3,2,5,5,3,3,5,4,5,3,5,4,5,4,5,5,1,5,,,,,,,,,,,,,,,,,,,,,,,,,,,,,,,,,,,,,,,,,,,,,,,,,5,3,5,5,2,5,5,5,4,3,5,5,3,5,3,5,4,5,4,5,4,5,1,5,23,Female,Nanyang Technological University ,ACSI,Chinese,4,11,Yes,Hokkien,3,0,Yes,23,No,,C
19/11/19 13:21,19/11/19 13:29,IP Address,155.69.182.17,100,506,TRUE,19/11/19 13:29,R_1OjczhyfzkMgdbS,,,,,1.366699219,103.7999878,anonymous,EN-GB,5,5,5,5,4,5,2,4,5,2,,,,,,,,,,,,,,,,,,,,,,,,,4,3,4,5,5,5,5,4,5,3,4,5,5,5,4,3,5,3,3,4,5,3,1,4,5,5,5,2,4,3,5,3,5,4,5,5,4,5,5,5,5,5,4,5,5,5,2,4,,,,,,,,,,,,,,,,,,,,,,,,,,,,,,,,,,,,,,,,,,,,,,,,,5,5,4,5,4,5,5,5,5,5,5,5,4,4,4,3,5,5,4,4,4,5,3,5,20,Female,NTU,RI,Chinese,3,10,No,,NA,NA,Yes,20,No,,C
4/12/19 13:30,4/12/19 13:46,IP Address,111.65.56.217,100,957,TRUE,4/12/19 13:46,R_3ReYu2grfcc3jUw,,,,,1.292892456,103.8547058,anonymous,EN-GB,2,2,2,2,1,4,4,3,4,4,,,,,,,,,,,,,,,,,,,,,,,,,2,2,4,4,2,1,4,4,2,3,4,2,2,4,2,4,2,2,2,4,1,3,1,4,,,,,,,,,,,,,,,,,,,,,,,,,1,1,5,3,1,1,4,5,1,1,5,5,3,3,1,5,1,4,1,4,1,2,1,3,,,,,,,,,,,,,,,,,,,,,,,,,1,3,2,3,1,2,5,4,2,2,2,5,2,3,1,2,3,3,2,4,2,3,1,3,24,Male,Na,Nyp,Malay,5,20,Yes,Indonesian,5,5,Yes,24,No,,M
4/12/19 14:25,4/12/19 14:30,IP Address,119.56.107.52,100,313,TRUE,4/12/19 14:30,R_2aLXQ4ZvP153TVN,,,,,1.292892456,103.8547058,anonymous,EN-GB,1,1,1,1,1,5,5,1,1,5,5,5,1,1,5,5,1,1,5,5,1,1,1,1,5,5,1,1,5,1,5,1,1,5,,,,,,,,,,,,,,,,,,,,,,,,,,,,,,,,,,,,,,,,,,,,,,,,,1,1,5,5,1,1,5,5,1,1,5,5,1,1,1,5,1,5,1,5,1,1,1,1,,,,,,,,,,,,,,,,,,,,,,,,,1,1,1,5,1,1,5,1,1,1,5,5,1,5,1,1,1,1,1,5,1,1,1,1,25,Female,Trinity Guildhall College,na,Malay,4,12,No,,na,na,Yes,25,Yes,"china, 2 years",M
4/12/19 23:22,4/12/19 23:34,IP Address,147.158.227.136,100,739,TRUE,4/12/19 23:34,R_1hWOtPTOeRbIUpl,,,,,1.550994873,103.7095947,anonymous,EN-GB,4,5,3,4,2,5,5,4,2,5,5,4,1,3,3,4,2,5,5,3,2,2,5,4,5,2,4,4,5,3,4,3,1,5,,,,,,,,,,,,,,,,,,,,,,,,,5,5,2,3,4,4,2,2,5,5,3,4,4,4,5,4,5,3,5,3,5,4,2,5,,,,,,,,,,,,,,,,,,,,,,,,,5,5,5,2,4,3,2,2,5,5,2,2,5,1,4,3,5,5,4,3,5,3,1,4,,,,,,,,,,,,,,,,,,,,,,,,,25,Male,NA,NA,Mandarin,3,15,Yes,Cantonese,3,2,No,8,Yes,16,C
7/12/19 16:58,7/12/19 17:58,IP Address,192.76.8.66,100,3628,TRUE,7/12/19 17:58,R_3oLbZrQpZ5Jeilr,,,,,51.71549988,-1.292602539,anonymous,EN-GB,5,5,5,5,5,2,4,2,3,4,,,,,,,,,,,,,,,,,,,,,,,,,5,4,4,4,5,4,4,4,3,4,5,4,4,5,3,3,4,2,2,2,3,4,3,3,5,5,3,3,4,5,3,4,4,4,5,4,4,5,4,4,4,3,4,5,4,4,3,4,,,,,,,,,,,,,,,,,,,,,,,,,,,,,,,,,,,,,,,,,,,,,,,,,5,5,3,4,4,4,4,4,4,4,4,4,3,4,5,4,4,4,5,3,5,3,3,2,24,Male,Oxford,ACS(Independent),Mandarin,2,11,No,,NA,NA,Yes,24,No,,C
13/12/19 9:33,13/12/19 9:44,IP Address,49.184.189.72,100,650,TRUE,13/12/19 9:44,R_1g0UARmrKmTRqTm,,,,,-37.84109497,144.9798889,anonymous,EN-GB,4,5,4,4,3,5,5,5,2,4,,,,,,,,,,,,,,,,,,,,,,,,,2,2,4,3,2,2,5,4,1,3,5,4,2,3,3,4,3,2,2,3,2,4,1,4,,,,,,,,,,,,,,,,,,,,,,,,,2,3,5,4,2,2,5,3,3,3,4,5,3,3,2,4,3,4,3,4,3,4,1,3,4,4,4,1,5,4,1,1,5,4,2,1,4,3,3,3,4,3,2,3,4,2,2,2,,,,,,,,,,,,,,,,,,,,,,,,,23,Female,Monash University,ACJC,Mandarin,2,10,Yes,Cantonese,1,1,Yes,19,Yes,Australia 5 years,C
13/12/19 11:42,13/12/19 11:52,IP Address,111.65.45.248,100,583,TRUE,13/12/19 11:52,R_Rs5LQrtzachGwDL,,,,,1.32220459,103.842804,anonymous,EN-GB,5,5,5,5,5,5,5,4,5,4,5,5,2,5,5,5,3,2,5,5,5,4,5,5,5,4,5,2,5,3,4,5,2,5,,,,,,,,,,,,,,,,,,,,,,,,,5,4,3,5,5,5,4,3,5,5,5,3,5,5,5,3,5,5,5,5,5,5,2,5,,,,,,,,,,,,,,,,,,,,,,,,,,,,,,,,,,,,,,,,,,,,,,,,,5,5,5,5,3,2,5,5,3,5,5,5,5,5,4,3,3,5,4,2,5,5,2,5,23,Male,NUS,TJC,Chinese,4,10,Yes,Hokkien,2,0,Yes,23,No,,C
13/12/19 12:46,13/12/19 12:54,IP Address,183.90.37.70,100,458,TRUE,13/12/19 12:54,R_1QAgPKDm8i5BZrU,,,,,1.369003296,103.8826904,anonymous,EN-GB,5,5,5,5,4,4,5,4,2,5,,,,,,,,,,,,,,,,,,,,,,,,,2,2,5,4,3,3,5,5,3,5,5,5,5,4,5,4,5,4,5,5,4,5,2,4,5,4,3,2,5,5,4,2,4,5,3,5,5,5,5,2,4,5,5,5,5,5,2,5,,,,,,,,,,,,,,,,,,,,,,,,,,,,,,,,,,,,,,,,,,,,,,,,,5,5,5,5,3,2,5,5,5,3,5,5,5,5,5,3,4,5,5,5,5,3,2,5,23,Female,NTU,RI,Chinese,2,0,Yes,Malay,1,1,Yes,19,Yes,6-9 years old.,C
13/12/19 17:05,13/12/19 17:13,IP Address,130.95.254.21,100,482,TRUE,13/12/19 17:13,R_3L7odvzAK16RA6Q,,,,,-31.97250366,115.8251953,anonymous,EN-GB,5,5,5,5,5,5,4,5,3,5,,,,,,,,,,,,,,,,,,,,,,,,,3,1,5,5,2,2,5,5,4,4,5,5,3,4,4,5,5,5,1,1,2,5,1,5,,,,,,,,,,,,,,,,,,,,,,,,,2,2,5,5,2,2,5,2,3,3,5,5,2,4,3,5,3,5,3,5,4,5,1,4,5,3,5,5,4,5,3,4,5,5,3,4,5,2,5,1,5,5,5,3,5,3,3,3,,,,,,,,,,,,,,,,,,,,,,,,,23,Female,University of Western Australia (UWA),Victoria Junior College,Malay ,3,10,No,,NA,NA,Yes,20,Yes,"Perth, 3 years",M
14/12/19 0:33,15/12/19 16:59,IP Address,219.74.174.29,100,145555,TRUE,15/12/19 16:59,R_yrxy2wDqW8santf,,,,,1.348007202,103.703186,anonymous,EN-GB,3,4,3,4,4,3,3,2,3,2,,,,,,,,,,,,,,,,,,,,,,,,,4,1,4,3,4,4,2,2,4,4,2,4,4,3,4,3,4,3,2,3,2,3,2,4,,,,,,,,,,,,,,,,,,,,,,,,,4,4,3,4,4,4,4,3,3,4,3,3,2,3,4,4,4,3,4,3,3,4,2,4,,,,,,,,,,,,,,,,,,,,,,,,,4,4,5,4,4,4,4,4,4,4,3,4,4,1,4,3,4,3,4,4,5,4,2,2,25,Male,Ntu,Jc,Malay,4,18,No,,Na,Na,Yes,24,Yes,Netherlands Korea 8 months,M
16/12/19 0:07,16/12/19 0:15,IP Address,183.90.36.230,100,470,TRUE,16/12/19 0:15,R_3enua4OfkQV0KFh,,,,,1.359603882,103.8637085,anonymous,EN-GB,2,4,3,5,3,4,5,5,4,4,,,,,,,,,,,,,,,,,,,,,,,,,1,4,4,3,3,3,5,4,2,3,5,4,3,4,4,5,4,4,3,3,3,5,2,4,,,,,,,,,,,,,,,,,,,,,,,,,3,4,5,4,4,3,4,5,5,5,5,5,3,4,4,5,4,5,4,5,4,4,3,4,4,4,4,4,4,5,4,4,5,5,4,3,4,3,4,4,5,4,5,4,5,4,2,5,,,,,,,,,,,,,,,,,,,,,,,,,23,Female,Yale-NUS College,Raffles Institution,Malay,4,13,Yes,"Arabic, KOREAN and Mandarin","3, 2/3, 2","13, 1, 1",Yes,23,No,,M
16/12/19 23:11,16/12/19 23:17,IP Address,199.48.119.75,100,328,TRUE,16/12/19 23:17,R_1IEjHfFU7C5YDQv,,,,,21.29299927,-157.8267975,anonymous,EN-GB,3,5,4,4,2,5,5,4,2,5,5,3,1,4,4,5,1,1,5,2,2,4,4,2,5,3,4,3,5,2,4,4,1,5,,,,,,,,,,,,,,,,,,,,,,,,,,,,,,,,,,,,,,,,,,,,,,,,,2,2,4,5,4,4,5,4,5,5,4,5,4,5,4,5,5,5,4,4,4,4,1,4,,,,,,,,,,,,,,,,,,,,,,,,,4,4,5,4,2,3,4,4,2,2,4,4,4,4,2,5,2,4,3,3,4,3,1,5,23,Male,NUS,HC,Chinese,3,10,Yes,Hokkien,3,0,Yes,23,No,,C
2/1/20 13:28,2/1/20 13:37,IP Address,111.65.59.220,100,531,TRUE,2/1/20 13:37,R_2pRDo8taqSVoztl,,,,,1.369003296,103.8826904,anonymous,EN-GB,3,5,2,4,2,5,5,5,3,4,,,,,,,,,,,,,,,,,,,,,,,,,2,3,5,2,3,2,5,5,3,5,5,4,3,4,3,5,2,4,4,5,2,5,1,3,5,5,2,2,5,3,3,2,4,4,4,2,1,2,5,1,4,2,5,2,5,2,1,3,,,,,,,,,,,,,,,,,,,,,,,,,5,2,3,3,5,3,2,3,5,5,3,1,5,1,1,2,5,2,3,3,4,1,1,4,,,,,,,,,,,,,,,,,,,,,,,,,22,Female,NUS,SAJC,Malay,3,12,No,,1,1,Yes,22,No,,M
2/1/20 18:32,2/1/20 18:40,IP Address,92.40.249.71,100,450,TRUE,2/1/20 18:40,R_11hIfJI3DfLWx1T,,,,,51.49639893,-0.122406006,anonymous,EN-GB,4,5,5,5,5,5,5,5,5,5,,,,,,,,,,,,,,,,,,,,,,,,,3,3,5,5,3,3,5,5,5,4,5,5,4,5,5,5,5,5,4,4,4,5,1,5,5,5,5,4,5,5,5,3,5,5,4,2,5,4,5,4,5,4,4,5,5,4,1,5,,,,,,,,,,,,,,,,,,,,,,,,,,,,,,,,,,,,,,,,,,,,,,,,,4,4,5,5,5,4,5,5,3,4,5,5,4,5,4,5,4,5,4,5,5,5,1,5,23,Male,University College London,Raffles institution,Malay,2,10,No,,NA,NA,Yes,23,Yes,"UK, student for 3 years",M
4/1/20 7:42,4/1/20 8:02,IP Address,183.90.36.53,100,1214,TRUE,4/1/20 8:02,R_D0mWc2Zl678dZC1,,,,,1.292892456,103.8547058,anonymous,EN-GB,5,5,4,5,5,4,2,2,3,4,4,4,2,2,2,4,3,4,4,3,4,4,2,2,5,5,2,1,4,1,2,1,1,2,,,,,,,,,,,,,,,,,,,,,,,,,,,,,,,,,,,,,,,,,,,,,,,,,1,3,4,4,2,5,4,4,4,4,4,3,4,3,2,3,5,4,3,4,2,2,2,3,4,5,5,3,4,4,4,4,4,4,3,2,3,4,5,3,3,5,3,5,4,3,1,5,,,,,,,,,,,,,,,,,,,,,,,,,22,Male,SMU,Jc,Malay,4,12,No,,4,NA,Yes,22,No,,M
4/1/20 8:10,4/1/20 8:25,IP Address,115.66.26.220,100,927,TRUE,4/1/20 8:25,R_28Bbs3ABRdOnrM6,,,,,1.356994629,103.9439087,anonymous,EN-GB,1,1,2,1,2,5,3,5,5,1,,,,,,,,,,,,,,,,,,,,,,,,,1,3,5,4,1,1,5,5,2,5,5,5,1,5,2,5,2,5,2,5,2,5,1,5,5,5,1,2,3,5,1,1,5,5,3,3,5,1,5,1,5,2,5,2,5,1,2,5,,,,,,,,,,,,,,,,,,,,,,,,,5,2,2,2,5,5,2,2,5,5,2,2,5,4,5,1,5,1,5,1,5,1,1,5,,,,,,,,,,,,,,,,,,,,,,,,,25,Male,SINGAPORE INSTITUTE OF MANAGEMENT,TEMASEK POLYTECHNIC,MALAY LANGUAGE,4,10,Yes,,2,NA,Yes,25,No,,M
4/1/20 8:43,4/1/20 8:52,IP Address,27.104.170.111,100,549,TRUE,4/1/20 8:52,R_28NaQuEcKCNPxbz,,,,,1.359603882,103.8637085,anonymous,EN-GB,5,5,5,5,4,3,3,4,1,2,5,4,1,2,5,4,3,2,3,3,3,4,3,4,4,2,4,5,4,1,4,3,1,4,,,,,,,,,,,,,,,,,,,,,,,,,5,4,5,5,4,4,4,2,2,5,3,2,5,5,5,1,5,4,5,5,5,4,1,3,,,,,,,,,,,,,,,,,,,,,,,,,4,5,5,5,4,5,3,4,5,5,3,4,5,4,5,2,5,4,5,4,5,2,1,5,,,,,,,,,,,,,,,,,,,,,,,,,22,Male,SUTD,JC,Malay,5,10,No,,NA,NA,Yes,22,No,,M
4/1/20 10:14,4/1/20 10:20,IP Address,192.76.8.92,100,384,TRUE,4/1/20 10:20,R_Z8ojQlURPq1RoiZ,,,,,51.71549988,-1.292602539,anonymous,EN-GB,5,4,4,4,4,5,5,5,5,4,,,,,,,,,,,,,,,,,,,,,,,,,3,4,5,5,4,3,5,5,4,5,5,5,4,5,4,5,5,4,3,5,4,5,1,5,,,,,,,,,,,,,,,,,,,,,,,,,4,4,5,5,5,4,5,5,4,4,5,5,4,5,4,5,4,5,4,5,4,4,1,5,5,4,5,4,5,5,4,4,5,5,4,4,5,4,3,3,5,4,5,4,5,4,2,5,,,,,,,,,,,,,,,,,,,,,,,,,21,Male,Oxford ,RJ,Studied Tamil,3,10,Yes,"Malay, Malayalam",Both 3,"4 for Malay, 0 for Malayalam (Grandmother's languages)",Yes,21,No,,O
4/1/20 10:18,4/1/20 10:31,IP Address,144.82.8.87,100,797,TRUE,4/1/20 10:31,R_22x1sfLAjkoBOI5,,,,,51.50880432,-0.12600708,anonymous,EN-GB,3,5,4,5,3,5,4,4,4,4,4,5,3,5,5,5,3,3,5,5,4,4,5,4,5,2,5,4,3,4,5,4,1,5,,,,,,,,,,,,,,,,,,,,,,,,,5,4,3,5,5,5,5,4,4,5,5,4,4,4,5,3,4,4,5,3,4,5,1,5,,,,,,,,,,,,,,,,,,,,,,,,,5,4,5,5,5,5,4,5,5,5,4,4,5,3,5,3,4,4,4,5,4,5,3,4,,,,,,,,,,,,,,,,,,,,,,,,,23,Male,University College London,Raffles Institution,Chinese,3,12,Yes,"Hokkein, Teochew",3,NA,Yes,21,Yes,2 in UK,C
4/1/20 12:07,4/1/20 12:17,IP Address,126.208.136.195,100,607,TRUE,4/1/20 12:17,R_3R1S53gL0O1M7e8,,,,,35.69000244,139.6900024,anonymous,EN-GB,4,5,2,5,1,1,2,1,1,1,1,4,2,2,4,3,1,1,4,1,5,3,5,4,3,3,3,1,3,2,3,4,1,4,,,,,,,,,,,,,,,,,,,,,,,,,,,,,,,,,,,,,,,,,,,,,,,,,5,5,3,5,3,4,4,2,3,5,4,3,1,5,3,4,3,2,5,5,5,4,1,3,,,,,,,,,,,,,,,,,,,,,,,,,5,5,5,5,5,5,4,5,5,1,4,3,5,3,5,2,1,3,3,3,4,1,1,1,25,Male,Singapore Institute of Technology,Poly,Malay,5,17,No,,NA,NA,Yes,26,No,,M
4/1/20 17:22,4/1/20 17:34,IP Address,45.56.228.22,100,699,TRUE,4/1/20 17:34,R_bPeo0hlrNw45rS9,,,,,37.96670532,23.71670532,anonymous,EN-GB,5,5,5,5,5,4,5,5,4,5,4,4,2,4,4,4,5,4,5,5,5,4,5,5,3,5,5,5,5,4,3,3,1,4,,,,,,,,,,,,,,,,,,,,,,,,,,,,,,,,,,,,,,,,,,,,,,,,,4,5,5,5,5,5,5,5,4,5,5,4,3,4,5,4,5,4,5,5,5,5,5,5,5,5,5,5,5,5,5,5,4,5,5,5,4,5,5,5,5,5,5,4,5,5,3,5,,,,,,,,,,,,,,,,,,,,,,,,,25,Male,NA,Nanyang polytechnic,Malay,5,10,Yes,Indonesian,3,1,Yes,24,No,,M
4/1/20 17:39,4/1/20 17:45,IP Address,125.163.220.206,100,379,TRUE,4/1/20 17:45,R_2s4SadiaX7LAgBU,,,,,-6.99319458,110.4215088,anonymous,EN-GB,2,5,5,4,5,4,5,2,5,5,,,,,,,,,,,,,,,,,,,,,,,,,4,5,5,4,5,5,4,5,4,5,4,5,5,5,4,4,5,4,5,4,4,5,3,5,5,5,5,5,4,3,5,5,4,4,5,4,2,4,5,5,4,5,3,4,5,2,2,5,,,,,,,,,,,,,,,,,,,,,,,,,,,,,,,,,,,,,,,,,,,,,,,,,5,5,5,5,5,5,5,5,4,2,5,5,2,5,5,4,5,4,5,4,5,4,4,5,21,Female,NA,NA,Mqlay,5,12,No,,Na,Na,No,12,No,,M
5/1/20 4:22,5/1/20 4:43,IP Address,103.252.201.250,100,1252,TRUE,5/1/20 4:43,R_1LTppZLQaJCPJUG,,,,,1.375595093,103.7684937,anonymous,EN-GB,5,5,5,5,5,4,5,4,3,5,,,,,,,,,,,,,,,,,,,,,,,,,1,5,5,4,4,1,5,5,5,1,5,5,5,5,4,5,5,5,5,5,5,5,1,5,,,,,,,,,,,,,,,,,,,,,,,,,3,4,5,5,5,1,5,5,4,4,5,5,5,3,5,5,5,5,5,5,4,4,1,5,,,,,,,,,,,,,,,,,,,,,,,,,4,5,5,5,3,3,5,1,3,5,5,5,5,1,3,4,5,5,3,5,3,5,1,4,25,Male,NA,NP,Chinese,3,10,Yes,Cantonese,2,25,Yes,25,No,,C
6/1/20 9:40,6/1/20 9:47,IP Address,210.10.3.171,100,409,TRUE,6/1/20 9:47,R_1r6Bev35ZGmm6mn,,,,,1.327697754,103.740509,anonymous,EN-GB,4,5,4,5,5,3,4,5,4,5,,,,,,,,,,,,,,,,,,,,,,,,,2,3,4,5,1,1,5,5,5,4,5,5,4,5,4,4,5,4,3,5,3,4,1,4,,,,,,,,,,,,,,,,,,,,,,,,,2,4,5,5,3,3,5,5,4,4,5,5,3,5,2,5,2,5,3,5,5,5,1,5,,,,,,,,,,,,,,,,,,,,,,,,,3,5,5,5,1,3,5,5,5,3,5,5,2,4,1,5,3,5,2,5,2,4,1,5,20,Male,about to attend ,Raffles Junior College ,Malay,3,10,Yes,"Arabic, German","3,1","15,4",Yes,20,No,,M
6/1/20 15:14,6/1/20 15:19,IP Address,42.60.126.201,100,302,TRUE,6/1/20 15:19,R_2zvhuNgaPGnluK8,,,,,1.356994629,103.9439087,anonymous,EN-GB,5,5,5,5,5,4,3,3,2,4,4,5,1,4,3,5,4,5,5,5,3,4,4,4,4,5,4,4,4,3,4,4,2,4,,,,,,,,,,,,,,,,,,,,,,,,,5,4,4,5,3,3,5,5,4,4,4,3,4,5,5,4,4,4,5,4,4,3,2,5,,,,,,,,,,,,,,,,,,,,,,,,,,,,,,,,,,,,,,,,,,,,,,,,,5,5,5,3,4,5,5,3,5,4,5,4,5,3,5,2,5,5,5,2,5,2,4,5,20,Male,NTU,ACJC,Bahasa Melayu,5,10,No,,NA,NA,Yes,20,No,,M
6/1/20 15:20,6/1/20 15:28,IP Address,27.125.141.124,100,496,TRUE,6/1/20 15:28,R_3qZQhHk2NLKlKaf,,,,,1.322402954,103.7889099,anonymous,EN-GB,3,4,4,5,2,5,5,5,5,5,5,5,1,2,5,5,2,2,5,5,2,3,3,3,5,3,5,3,5,3,4,3,1,5,,,,,,,,,,,,,,,,,,,,,,,,,5,5,2,2,5,4,2,2,5,5,3,3,5,3,5,5,5,3,4,3,5,3,1,5,,,,,,,,,,,,,,,,,,,,,,,,,,,,,,,,,,,,,,,,,,,,,,,,,2,2,4,5,3,3,5,4,3,3,5,5,3,5,3,3,3,4,3,4,3,3,1,4,20,Male,National University of Singapore/The London School of Economics and Political Science,Anglo-Chinese School,Mandarin,4,12,No,,NA,NA,Yes,18,Yes,2,C
6/1/20 15:21,6/1/20 15:29,IP Address,39.109.205.183,100,423,TRUE,6/1/20 15:29,R_3oyyIP4268vgoF9,,,,,1.369003296,103.8826904,anonymous,EN-GB,4,5,2,5,4,5,5,3,1,3,,,,,,,,,,,,,,,,,,,,,,,,,1,3,3,4,5,4,5,5,5,3,5,5,3,5,5,5,4,4,2,1,3,5,1,5,5,4,2,3,3,4,3,5,2,5,5,4,5,5,5,5,5,5,5,5,5,3,1,5,,,,,,,,,,,,,,,,,,,,,,,,,5,5,5,5,5,5,5,4,5,5,4,3,5,5,5,3,5,5,5,5,5,5,1,5,,,,,,,,,,,,,,,,,,,,,,,,,20,Female,NTU,RI,Chinese,2,11,No,,NA,NA,Yes,16,Yes,"UK, US, Switzerland, total about 4 years",C
6/1/20 15:30,6/1/20 15:38,IP Address,155.69.182.17,100,460,TRUE,6/1/20 15:38,R_3E9ZvCrhd6Bu8GE,,,,,1.366699219,103.7999878,anonymous,EN-GB,5,5,5,5,4,4,5,3,4,4,,,,,,,,,,,,,,,,,,,,,,,,,1,3,5,5,2,3,5,5,3,4,5,3,2,5,3,5,4,4,2,4,4,5,1,5,,,,,,,,,,,,,,,,,,,,,,,,,3,5,5,5,5,2,4,5,4,5,5,5,3,5,2,5,3,5,4,5,4,4,1,5,,,,,,,,,,,,,,,,,,,,,,,,,5,5,5,5,3,3,5,5,5,3,5,5,3,5,2,5,2,5,3,5,2,4,2,5,19,Female,NTU,DHS,Chinese,5,10,No,,NA,NA,Yes,17,Yes,"China, 2years",C
6/1/20 15:30,6/1/20 15:38,IP Address,39.109.147.75,100,480,TRUE,6/1/20 15:38,R_1r7EVltmenRPcXq,,,,,1.369003296,103.8826904,anonymous,EN-GB,4,4,4,4,4,5,4,5,4,5,5,5,4,4,4,5,4,4,5,4,4,4,4,4,4,4,5,4,4,4,4,4,1,5,,,,,,,,,,,,,,,,,,,,,,,,,,,,,,,,,,,,,,,,,,,,,,,,,4,4,5,5,4,4,5,5,4,4,5,5,4,4,4,5,4,5,4,5,4,4,1,5,,,,,,,,,,,,,,,,,,,,,,,,,4,4,5,5,4,4,5,5,4,4,5,5,4,4,4,4,4,5,4,5,4,4,1,5,20,Female,NUS,Serangoon Junior College,Chinese,2,12,No,,NA,NA,Yes,20,No,,C
6/1/20 15:31,6/1/20 15:39,IP Address,119.56.107.52,100,503,TRUE,6/1/20 15:39,R_2zZW0Fj0zUcyHWU,,,,,1.359603882,103.8637085,anonymous,EN-GB,3,5,4,4,1,5,3,3,4,5,,,,,,,,,,,,,,,,,,,,,,,,,1,2,4,4,1,1,3,4,3,3,4,2,2,5,4,4,4,2,2,1,2,4,1,5,,,,,,,,,,,,,,,,,,,,,,,,,2,2,4,3,2,2,4,3,2,2,3,4,2,3,2,3,2,3,3,4,2,2,2,3,,,,,,,,,,,,,,,,,,,,,,,,,3,4,4,4,1,1,2,3,4,2,4,3,1,2,2,2,2,4,2,4,1,2,1,3,20,Female,NUS,ACJC,english,5,14,Yes,chinese,2,12,Yes,20,No,,O
6/1/20 15:40,6/1/20 15:47,IP Address,112.199.241.242,100,394,TRUE,6/1/20 15:47,R_2zbFyww3a8L2VIK,,,,,1.369003296,103.8826904,anonymous,EN-GB,2,3,3,3,2,5,5,5,4,5,,,,,,,,,,,,,,,,,,,,,,,,,1,1,5,2,1,1,5,5,2,1,5,4,1,4,3,5,2,5,3,5,1,5,1,5,5,5,1,2,5,5,1,1,5,5,2,2,3,2,5,3,4,3,2,2,4,2,1,3,,,,,,,,,,,,,,,,,,,,,,,,,5,1,2,1,4,5,1,1,5,5,2,1,4,1,1,1,5,2,5,2,5,1,1,4,,,,,,,,,,,,,,,,,,,,,,,,,18,Female,NA,Anglo-Chinese School (Independent),Chinese,4,12,Yes,Cantonese,2,NA,Yes,18,No,,C
6/1/20 23:51,7/1/20 0:03,IP Address,115.178.251.116,100,736,TRUE,7/1/20 0:03,R_2CBzp4693CdUDE0,,,,,-7.248397827,112.7419128,anonymous,EN-GB,3,5,4,4,3,2,2,2,3,1,3,4,1,2,3,3,3,4,4,1,4,4,2,2,2,4,2,2,3,3,1,3,1,4,,,,,,,,,,,,,,,,,,,,,,,,,4,3,1,4,2,1,4,3,2,4,5,5,1,3,4,4,3,5,1,4,4,5,1,2,,,,,,,,,,,,,,,,,,,,,,,,,,,,,,,,,,,,,,,,,,,,,,,,,1,4,3,2,5,4,3,1,5,4,3,3,3,1,4,1,2,2,1,1,2,1,1,1,20,Male,NTU,SP,Chinese,2,10,No,,NA,NA,Yes,20,No,,C